date,ticker,score_resilient,score_growth,w_resilient,w_growth,name,asset_type,country_iso3,sector,q50_base,q50_shock,q05_shock,forward_return_12m
2024-01-31,000660.KS,-0.201751,0.036343,0.003179,0.004975,SK Hynix,stock,KOR,Technology,0.036343,0.123942,-0.281893,0.485635
2024-01-31,005930.KS,0.014584,0.104935,0.013446,0.007859,Samsung Electronics,stock,KOR,Technology,0.104935,0.174502,-0.125135,-0.263657
2024-01-31,0700.HK,0.241342,0.403228,0.060971,0.057415,Tencent,stock,CHN,Communication Services,0.403228,0.392409,-0.156476,0.498420
2024-01-31,1398.HK,-0.309381,-0.056999,0.001551,0.002670,ICBC,stock,CHN,Financials,-0.056999,-0.023126,-0.269319,0.537068
2024-01-31,2317.TW,-0.088675,0.118482,0.006755,0.008602,Hon Hai (Foxconn),stock,TWN,Technology,0.118482,0.125151,-0.210491,0.801126
2024-01-31,2330.TW,0.069125,0.249325,0.019342,0.020579,TSMC,stock,TWN,Technology,0.249325,0.167106,-0.139090,0.837946
2024-01-31,6758.T,-0.081404,0.074384,0.007090,0.006411,Sony,stock,JPN,Technology,0.074384,0.157940,-0.197566,0.178607
2024-01-31,6861.T,0.194647,0.223874,0.044660,0.017368,Keyence,stock,JPN,Technology,0.223874,0.283170,-0.058875,0.014972
2024-01-31,7203.T,-0.282258,-0.118293,0.001858,0.001774,Toyota,stock,JPN,Consumer Discretionary,-0.118293,-0.022785,-0.211719,0.017812
2024-01-31,9984.T,-0.079179,0.086659,0.007196,0.006958,SoftBank,stock,JPN,Communication Services,0.086659,0.187393,-0.216205,0.463984
2024-01-31,9988.HK,0.142754,0.277273,0.031599,0.024794,Alibaba,stock,CHN,Consumer Discretionary,0.277273,0.288699,-0.140232,0.273766
2024-01-31,AAPL,0.100915,0.289976,0.023908,0.026985,Apple,stock,USA,Technology,0.289976,0.277825,-0.182985,0.286096
2024-01-31,AIR.PA,-0.262642,0.122683,0.002118,0.008846,Airbus,stock,FRA,Industrials,0.122683,0.132990,-0.390478,0.150406
2024-01-31,ALV.DE,-0.019890,0.058926,0.010685,0.005783,Allianz,stock,DEU,Financials,0.058926,0.137484,-0.118095,0.336446
2024-01-31,AMAT,-0.136464,0.143898,0.004912,0.010190,Applied Materials,stock,USA,Technology,0.143898,0.120173,-0.268500,0.106259
2024-01-31,AMD,-0.079331,0.259723,0.007189,0.022056,Advanced Micro Devices,stock,USA,Technology,0.259723,0.252620,-0.335503,-0.308546
2024-01-31,AMX,-0.145947,0.089537,0.004611,0.007092,America Movil,stock,MEX,Communication Services,0.089537,0.107244,-0.244338,-0.200396
2024-01-31,ARGT,-0.360603,-0.069843,0.001102,0.002451,Argentina,country_etf,ARG,Broad Market,-0.069843,-0.057268,-0.297047,0.675659
2024-01-31,ASML,0.077899,0.224322,0.020507,0.017420,ASML,stock,NLD,Technology,0.224322,0.181675,-0.125100,-0.143219
2024-01-31,AVGO,0.070936,0.259204,0.019577,0.021980,Broadcom,stock,USA,Technology,0.259204,0.252962,-0.185147,0.900427
2024-01-31,AZN,0.038449,0.159440,0.015765,0.011303,AstraZeneca,stock,GBR,Healthcare,0.159440,0.150772,-0.116657,0.084767
2024-01-31,BA,-0.286784,0.126756,0.001803,0.009090,Boeing,stock,USA,Industrials,0.126756,0.125420,-0.412872,-0.163571
2024-01-31,BAC,-0.213666,0.060819,0.002936,0.005857,Bank of America,stock,USA,Financials,0.060819,0.060819,-0.274486,0.396008
2024-01-31,BHP,-0.158576,0.100557,0.004239,0.007633,BHP Group,stock,AUS,Materials,0.100557,0.099208,-0.258459,-0.153582
2024-01-31,BMW.DE,0.202935,0.339872,0.047198,0.037635,BMW,stock,DEU,Consumer Discretionary,0.339872,0.339872,-0.136936,-0.137561
2024-01-31,CAT,-0.156719,0.113386,0.004292,0.008315,Caterpillar,stock,USA,Industrials,0.113386,0.112049,-0.269437,0.255483
2024-01-31,CBA.AX,-0.034662,0.052505,0.009683,0.005541,Commonwealth Bank,stock,AUS,Financials,0.052505,0.046357,-0.084093,0.417082
2024-01-31,CPER,-0.289279,-0.059088,0.001773,0.002633,Copper,commodity,,Industrial Metals,-0.059088,-0.009978,-0.254747,0.109963
2024-01-31,CVX,-0.191725,0.038357,0.003398,0.005042,Chevron,stock,USA,Energy,0.038357,0.038357,-0.230081,0.055533
2024-01-31,DBA,-0.298637,-0.101351,0.001666,0.001987,Agriculture,commodity,,Agriculture,-0.101351,-0.075606,-0.210159,0.328170
2024-01-31,ECH,-0.299806,-0.035729,0.001653,0.003077,Chile,country_etf,CHL,Broad Market,-0.035729,-0.035729,-0.264077,0.105811
2024-01-31,EDEN,0.086943,0.224759,0.021782,0.017470,Denmark,country_etf,DNK,Broad Market,0.224759,0.237550,-0.144212,-0.062569
2024-01-31,EIDO,-0.254995,-0.029690,0.002229,0.003203,Indonesia,country_etf,IDN,Broad Market,-0.029690,0.019741,-0.250021,-0.120494
2024-01-31,EIRL,-0.168177,0.045706,0.003976,0.005295,Ireland,country_etf,IRL,Broad Market,0.045706,0.066299,-0.224179,-0.015753
2024-01-31,ENI.MI,-0.396421,-0.029653,0.000868,0.003204,ENI,stock,ITA,Energy,-0.029653,-0.015045,-0.374072,-0.010254
2024-01-31,EPHE,-0.297033,-0.044973,0.001684,0.002893,Philippines,country_etf,PHL,Broad Market,-0.044973,-0.029918,-0.259588,-0.098462
2024-01-31,EPOL,-0.283074,-0.031318,0.001848,0.003169,Poland,country_etf,POL,Broad Market,-0.031318,-0.031318,-0.251755,0.140395
2024-01-31,EWA,-0.075792,0.057977,0.007361,0.005747,Australia,country_etf,AUS,Broad Market,0.057977,0.061939,-0.135750,0.079928
2024-01-31,EWC,-0.088002,0.040987,0.006785,0.005131,Canada,country_etf,CAN,Broad Market,0.040987,0.047649,-0.132321,0.159881
2024-01-31,EWD,-0.070131,0.057616,0.007644,0.005733,Sweden,country_etf,SWE,Broad Market,0.057616,0.057616,-0.127747,0.112363
2024-01-31,EWG,0.195139,0.243339,0.044807,0.019774,Germany,country_etf,DEU,Broad Market,0.243339,0.279708,-0.066385,0.220351
2024-01-31,EWH,-0.131344,0.110542,0.005083,0.008158,Hong Kong,country_etf,HKG,Broad Market,0.110542,0.116174,-0.244702,0.097203
2024-01-31,EWI,-0.321742,-0.073703,0.001428,0.002389,Italy,country_etf,ITA,Broad Market,-0.073703,-0.053205,-0.258289,0.196864
2024-01-31,EWJ,-0.097332,-0.006743,0.006376,0.003733,Japan,country_etf,JPN,Broad Market,-0.006743,0.033127,-0.110524,0.055582
2024-01-31,EWK,-0.155318,0.013459,0.004332,0.004271,Belgium,country_etf,BEL,Broad Market,0.013459,0.022456,-0.173276,0.058192
2024-01-31,EWL,-0.050344,0.049121,0.008722,0.005417,Switzerland,country_etf,CHE,Broad Market,0.049121,0.068025,-0.108917,0.065062
2024-01-31,EWM,-0.292747,-0.062278,0.001733,0.002578,Malaysia,country_etf,MYS,Broad Market,-0.062278,-0.036701,-0.243258,0.146494
2024-01-31,EWN,-0.111970,0.030668,0.005783,0.004790,Netherlands,country_etf,NLD,Broad Market,0.030668,0.025178,-0.139893,0.038083
2024-01-31,EWO,-0.048812,0.088983,0.008811,0.007066,Austria,country_etf,AUT,Broad Market,0.088983,0.129201,-0.157904,0.121502
2024-01-31,EWP,-0.306929,-0.059403,0.001577,0.002628,Spain,country_etf,ESP,Broad Market,-0.059403,-0.052899,-0.250778,0.164083
2024-01-31,EWQ,-0.155400,0.005170,0.004329,0.004041,France,country_etf,FRA,Broad Market,0.005170,0.016187,-0.166078,0.026809
2024-01-31,EWS,-0.261564,-0.053515,0.002133,0.002733,Singapore,country_etf,SGP,Broad Market,-0.053515,-0.015466,-0.227073,0.331587
2024-01-31,EWT,-0.159407,0.050265,0.004215,0.005459,Taiwan,country_etf,TWN,Broad Market,0.050265,0.068114,-0.218597,0.189830
2024-01-31,EWU,-0.132517,0.028138,0.005043,0.004710,United Kingdom,country_etf,GBR,Broad Market,0.028138,0.036566,-0.164870,0.142696
2024-01-31,EWW,-0.238479,0.002872,0.002488,0.003980,Mexico,country_etf,MEX,Broad Market,0.002872,0.002071,-0.240950,-0.235643
2024-01-31,EWY,-0.118719,0.046134,0.005529,0.005310,South Korea,country_etf,KOR,Broad Market,0.046134,0.076734,-0.180153,-0.070783
2024-01-31,EWZ,-0.464470,-0.062845,0.000552,0.002568,Brazil,country_etf,BRA,Broad Market,-0.062845,-0.063673,-0.401211,-0.168401
2024-01-31,EZA,-0.149230,0.081488,0.004511,0.006722,South Africa,country_etf,ZAF,Broad Market,0.081488,0.081488,-0.230718,0.191954
2024-01-31,FXI,-0.042735,0.142030,0.009176,0.010064,China large cap,country_etf,CHN,Broad Market,0.142030,0.164917,-0.196209,0.492205
2024-01-31,GLD,-0.288543,-0.009514,0.001782,0.003664,Gold,commodity,,Precious Metals,-0.009514,-0.018143,-0.274714,0.372035
2024-01-31,HSBA.L,-0.221212,0.040168,0.002792,0.005103,HSBC,stock,GBR,Financials,0.040168,0.040168,-0.261381,0.369329
2024-01-31,INDA,-0.152162,0.012958,0.004424,0.004257,India,country_etf,IND,Broad Market,0.012958,0.031439,-0.174361,0.029443
2024-01-31,INFY,-0.198133,0.073193,0.003256,0.006360,Infosys,stock,IND,Technology,0.073193,-0.038260,-0.215600,0.140549
2024-01-31,INTC,-0.091707,0.105917,0.006620,0.007911,Intel,stock,USA,Technology,0.105917,0.089004,-0.189168,-0.542938
2024-01-31,ISP.MI,-0.515037,-0.146436,0.000394,0.001471,Intesa Sanpaolo,stock,ITA,Financials,-0.146436,-0.140384,-0.371628,0.595647
2024-01-31,ITUB,-0.520320,-0.088594,0.000380,0.002163,Itau Unibanco,stock,BRA,Financials,-0.088594,-0.083753,-0.434146,-0.051989
2024-01-31,JNJ,-0.053892,0.096403,0.008518,0.007425,Johnson & Johnson,stock,USA,Healthcare,0.096403,0.091760,-0.147973,-0.012165
2024-01-31,JPM,-0.199228,0.062222,0.003233,0.005912,JPMorgan,stock,USA,Financials,0.062222,0.062222,-0.261450,0.568080
2024-01-31,KO,-0.038889,0.068089,0.009414,0.006147,Coca-Cola,stock,USA,Consumer Staples,0.068089,0.063446,-0.104657,0.099660
2024-01-31,MAERSK-B.CO,0.050844,0.263570,0.017123,0.022629,Maersk,stock,DNK,Industrials,0.263570,0.269900,-0.215891,-0.114794
2024-01-31,MC.PA,0.006108,0.138055,0.012707,0.009801,LVMH,stock,FRA,Consumer Discretionary,0.138055,0.147492,-0.136666,-0.073373
2024-01-31,MCHI,-0.057793,0.160731,0.008299,0.011400,China broad,country_etf,CHN,Broad Market,0.160731,0.190566,-0.233441,0.356075
2024-01-31,MSFT,0.038445,0.197636,0.015764,0.014581,Microsoft,stock,USA,Technology,0.197636,0.223153,-0.171950,0.051773
2024-01-31,MU,-0.258768,0.082708,0.002173,0.006777,Micron,stock,USA,Technology,0.082708,0.092301,-0.346272,0.068569
2024-01-31,NESN.SW,0.046357,0.083192,0.016618,0.006799,Nestle,stock,CHE,Consumer Staples,0.083192,0.095807,-0.043142,-0.188312
2024-01-31,NOVN.SW,-0.034289,0.050625,0.009707,0.005472,Novartis,stock,CHE,Healthcare,0.050625,0.064687,-0.091945,0.109329
2024-01-31,NOVO-B.CO,-0.215221,0.047496,0.002906,0.005359,Novo Nordisk,stock,DNK,Healthcare,0.047496,0.062676,-0.270307,-0.207484
2024-01-31,NVDA,-0.018896,0.329517,0.010756,0.035124,NVIDIA,stock,USA,Technology,0.329517,0.320898,-0.344103,0.952054
2024-01-31,OR.PA,0.036926,0.120362,0.015605,0.008711,L'Oreal,stock,FRA,Consumer Staples,0.120362,0.117474,-0.081993,-0.181440
2024-01-31,PBR,-0.682674,-0.145658,0.000129,0.001479,Petrobras,stock,BRA,Energy,-0.145658,-0.150319,-0.534685,0.010399
2024-01-31,PFE,-0.044450,0.155285,0.009071,0.010994,Pfizer,stock,USA,Healthcare,0.155285,0.162463,-0.203325,0.040703
2024-01-31,PG,-0.100357,0.035177,0.006249,0.004936,Procter & Gamble,stock,USA,Consumer Staples,0.035177,0.041751,-0.138821,0.082383
2024-01-31,QCOM,-0.070173,0.136524,0.007642,0.009701,Qualcomm,stock,USA,Technology,0.136524,0.119194,-0.198032,0.187396
2024-01-31,QQQ,-0.035876,0.118554,0.009605,0.008606,USA tech,country_etf,USA,Broad Market,0.118554,0.127041,-0.158673,0.260028
2024-01-31,RELIANCE.NS,-0.059690,0.093169,0.008195,0.007266,Reliance,stock,IND,Energy,0.093169,0.109064,-0.160806,-0.110212
2024-01-31,ROG.SW,-0.030453,0.088000,0.009958,0.007020,Roche,stock,CHE,Healthcare,0.088000,0.114476,-0.131692,0.205444
2024-01-31,RY,-0.065099,0.091006,0.007905,0.007162,Royal Bank of Canada,stock,CAN,Financials,0.091006,0.091006,-0.156105,0.295230
2024-01-31,SAP,0.041654,0.144459,0.016105,0.010228,SAP SE,stock,DEU,Technology,0.144459,0.133662,-0.097406,0.614814
2024-01-31,SHEL,-0.199370,0.023015,0.003229,0.004552,Shell,stock,GBR,Energy,0.023015,0.032755,-0.227255,0.089774
2024-01-31,SHELL.AS,-0.647046,-0.201666,0.000163,0.001018,Shell (NL),stock,NLD,Energy,-0.201666,-0.193286,-0.449570,0.155757
2024-01-31,SHOP,0.264781,0.499417,0.071282,0.109023,Shopify,stock,CAN,Technology,0.499417,0.523067,-0.246462,0.458724
2024-01-31,SIE.DE,0.270151,0.353610,0.073880,0.041244,Siemens,stock,DEU,Industrials,0.353610,0.353610,-0.083460,0.280036
2024-01-31,SLV,-0.329414,0.001458,0.001357,0.003943,Silver,commodity,,Precious Metals,0.001458,0.001458,-0.330872,0.363462
2024-01-31,SPY,-0.013965,0.134666,0.011116,0.009582,USA broad market,country_etf,USA,Broad Market,0.134666,0.139753,-0.151174,0.262301
2024-01-31,TCS.NS,-0.015920,0.089665,0.010972,0.007098,Tata Consultancy,stock,IND,Technology,0.089665,0.090600,-0.106052,0.110765
2024-01-31,THD,-0.245259,-0.017018,0.002378,0.003486,Thailand,country_etf,THA,Broad Market,-0.017018,0.022743,-0.248122,0.000555
2024-01-31,TTE,-0.277542,0.008291,0.001918,0.004126,TotalEnergies,stock,FRA,Energy,0.008291,0.020898,-0.292136,-0.061212
2024-01-31,TUR,-0.511297,-0.113632,0.000404,0.001830,Turkey,country_etf,TUR,Broad Market,-0.113632,-0.105456,-0.401753,0.020392
2024-01-31,ULVR.L,-0.045766,0.077392,0.008992,0.006541,Unilever,stock,GBR,Consumer Staples,0.077392,0.084325,-0.126625,0.204475
2024-01-31,UNG,-0.526123,-0.068717,0.000366,0.002469,Natural Gas,commodity,,Energy,-0.068717,-0.068717,-0.457406,-0.175242
2024-01-31,USO,-0.572451,0.021973,0.000269,0.004520,WTI Oil,commodity,,Energy,0.021973,0.009289,-0.588082,0.100113
2024-01-31,VALE,-0.521429,-0.047869,0.000377,0.002838,Vale,stock,BRA,Materials,-0.047869,-0.046862,-0.474064,-0.258195
2024-01-31,WMT,0.035976,0.140722,0.015507,0.009977,Walmart,stock,USA,Consumer Staples,0.140722,0.137349,-0.103059,0.803387
2024-01-31,XOM,-0.210800,0.028959,0.002992,0.004736,ExxonMobil,stock,USA,Energy,0.028959,0.028959,-0.239759,0.074547
2024-02-29,000660.KS,-0.160417,0.072893,0.004016,0.005460,SK Hynix,stock,KOR,Technology,0.072893,0.182245,-0.287986,0.231172
2024-02-29,005930.KS,-0.013424,0.083238,0.010700,0.005850,Samsung Electronics,stock,KOR,Technology,0.083238,0.146287,-0.128186,-0.241451
2024-02-29,0700.HK,0.247265,0.388230,0.060835,0.044689,Tencent,stock,CHN,Communication Services,0.388230,0.388324,-0.141012,0.741465
2024-02-29,1398.HK,-0.331695,-0.071893,0.001282,0.002080,ICBC,stock,CHN,Financials,-0.071893,-0.042383,-0.274556,0.511061
2024-02-29,2317.TW,-0.091800,0.121780,0.006345,0.007564,Hon Hai (Foxconn),stock,TWN,Technology,0.121780,0.127066,-0.216223,0.732636
2024-02-29,2330.TW,0.012175,0.223169,0.012691,0.014870,TSMC,stock,TWN,Technology,0.223169,0.160126,-0.179472,0.532783
2024-02-29,6758.T,-0.039821,0.122424,0.008973,0.007596,Sony,stock,JPN,Technology,0.122424,0.201260,-0.201663,0.454231
2024-02-29,6861.T,0.195688,0.222822,0.043134,0.014835,Keyence,stock,JPN,Technology,0.222822,0.286269,-0.058858,-0.147648
2024-02-29,7203.T,-0.284169,-0.112969,0.001760,0.001582,Toyota,stock,JPN,Consumer Discretionary,-0.112969,-0.021790,-0.216789,-0.237424
2024-02-29,9984.T,-0.239005,-0.039423,0.002378,0.002582,SoftBank,stock,JPN,Communication Services,-0.039423,0.071507,-0.255048,-0.054183
2024-02-29,9988.HK,0.025966,0.205833,0.013913,0.013247,Alibaba,stock,CHN,Consumer Discretionary,0.205833,0.205008,-0.179454,0.753731
2024-02-29,AAPL,0.103700,0.295778,0.023361,0.024128,Apple,stock,USA,Technology,0.295778,0.283627,-0.186002,0.344299
2024-02-29,AIR.PA,-0.245127,0.130341,0.002283,0.008008,Airbus,stock,FRA,Industrials,0.130341,0.141126,-0.380861,0.102297
2024-02-29,ALV.DE,-0.024241,0.057020,0.009956,0.004912,Allianz,stock,DEU,Financials,0.057020,0.135577,-0.120540,0.370571
2024-02-29,AMAT,-0.154490,0.133265,0.004178,0.008166,Applied Materials,stock,USA,Technology,0.133265,0.121589,-0.281917,-0.209398
2024-02-29,AMD,-0.117746,0.226034,0.005338,0.015156,Advanced Micro Devices,stock,USA,Technology,0.226034,0.209480,-0.335503,-0.481328
2024-02-29,AMX,-0.192117,0.048648,0.003251,0.004645,America Movil,stock,MEX,Communication Services,0.048648,0.060791,-0.246837,-0.216489
2024-02-29,ARGT,-0.337310,-0.054884,0.001235,0.002329,Argentina,country_etf,ARG,Broad Market,-0.054884,-0.048045,-0.285845,0.685355
2024-02-29,ASML,0.066458,0.220564,0.018225,0.014613,ASML,stock,NLD,Technology,0.220564,0.177460,-0.132554,-0.248663
2024-02-29,AVGO,0.044677,0.242052,0.015762,0.016864,Broadcom,stock,USA,Technology,0.242052,0.235810,-0.194254,0.554154
2024-02-29,AZN,0.052277,0.173628,0.016581,0.010687,AstraZeneca,stock,GBR,Healthcare,0.173628,0.164960,-0.117017,0.212183
2024-02-29,BA,-0.286647,0.148587,0.001731,0.009044,Boeing,stock,USA,Industrials,0.148587,0.147251,-0.434566,-0.142794
2024-02-29,BAC,-0.211488,0.057661,0.002857,0.004933,Bank of America,stock,USA,Financials,0.057661,0.057661,-0.269148,0.359862
2024-02-29,BHP,-0.150331,0.108802,0.004295,0.006937,BHP Group,stock,AUS,Materials,0.108802,0.107453,-0.258459,-0.108626
2024-02-29,BMW.DE,0.148345,0.286902,0.031459,0.022742,BMW,stock,DEU,Consumer Discretionary,0.286902,0.286902,-0.138558,-0.184261
2024-02-29,CAT,-0.172753,0.103379,0.003699,0.006691,Caterpillar,stock,USA,Industrials,0.103379,0.103379,-0.276132,0.045425
2024-02-29,CBA.AX,-0.031725,0.059564,0.009471,0.004996,Commonwealth Bank,stock,AUS,Financials,0.059564,0.053894,-0.088454,0.390238
2024-02-29,CPER,-0.283531,-0.061627,0.001767,0.002227,Copper,commodity,,Industrial Metals,-0.061627,-0.012994,-0.246221,0.187945
2024-02-29,CVX,-0.217125,0.016879,0.002752,0.003759,Chevron,stock,USA,Energy,0.016879,0.016879,-0.234004,0.088632
2024-02-29,DBA,-0.287662,-0.094718,0.001719,0.001786,Agriculture,commodity,,Agriculture,-0.094718,-0.068973,-0.205817,0.243144
2024-02-29,ECH,-0.321544,-0.048855,0.001372,0.002425,Chile,country_etf,CHL,Broad Market,-0.048855,-0.048855,-0.272689,0.118424
2024-02-29,EDEN,0.069763,0.234176,0.018631,0.016002,Denmark,country_etf,DNK,Broad Market,0.234176,0.252600,-0.173624,-0.055797
2024-02-29,EIDO,-0.254643,-0.029338,0.002143,0.002762,Indonesia,country_etf,IDN,Broad Market,-0.029338,0.020093,-0.250021,-0.250443
2024-02-29,EIRL,-0.198970,0.031780,0.003106,0.004151,Ireland,country_etf,IRL,Broad Market,0.031780,0.043300,-0.236510,-0.062231
2024-02-29,ENI.MI,-0.396747,-0.033634,0.000831,0.002684,ENI,stock,ITA,Energy,-0.033634,-0.012241,-0.373810,0.040632
2024-02-29,EPHE,-0.317500,-0.065300,0.001409,0.002173,Philippines,country_etf,PHL,Broad Market,-0.065300,-0.052232,-0.258734,-0.105286
2024-02-29,EPOL,-0.324659,-0.057466,0.001344,0.002290,Poland,country_etf,POL,Broad Market,-0.057466,-0.057466,-0.267194,0.146227
2024-02-29,EWA,-0.099625,0.021592,0.006023,0.003879,Australia,country_etf,AUS,Broad Market,0.021592,0.023569,-0.122205,0.039518
2024-02-29,EWC,-0.086685,0.036443,0.006566,0.004282,Canada,country_etf,CAN,Broad Market,0.036443,0.046434,-0.128124,0.146910
2024-02-29,EWD,-0.118702,0.018394,0.005304,0.003797,Sweden,country_etf,SWE,Broad Market,0.018394,0.020663,-0.138230,0.108545
2024-02-29,EWG,0.188100,0.235488,0.041007,0.016142,Germany,country_etf,DEU,Broad Market,0.235488,0.269871,-0.064579,0.205965
2024-02-29,EWH,-0.158621,0.087876,0.004064,0.006034,Hong Kong,country_etf,HKG,Broad Market,0.087876,0.093508,-0.249313,0.123127
2024-02-29,EWI,-0.342037,-0.082813,0.001197,0.001934,Italy,country_etf,ITA,Broad Market,-0.082813,-0.065562,-0.267850,0.190639
2024-02-29,EWJ,-0.142010,-0.036820,0.004540,0.002628,Japan,country_etf,JPN,Broad Market,-0.036820,-0.001082,-0.123059,0.013509
2024-02-29,EWK,-0.150716,0.018322,0.004284,0.003795,Belgium,country_etf,BEL,Broad Market,0.018322,0.027320,-0.173537,0.099177
2024-02-29,EWL,-0.064507,0.034958,0.007612,0.004240,Switzerland,country_etf,CHE,Broad Market,0.034958,0.053861,-0.108917,0.127852
2024-02-29,EWM,-0.301875,-0.070357,0.001564,0.002101,Malaysia,country_etf,MYS,Broad Market,-0.070357,-0.043866,-0.244764,0.127271
2024-02-29,EWN,-0.106304,0.031032,0.005761,0.004131,Netherlands,country_etf,NLD,Broad Market,0.031032,0.023556,-0.133598,0.007764
2024-02-29,EWO,-0.050437,0.092341,0.008360,0.006216,Austria,country_etf,AUT,Broad Market,0.092341,0.128328,-0.160772,0.242288
2024-02-29,EWP,-0.283562,-0.035413,0.001767,0.002652,Spain,country_etf,ESP,Broad Market,-0.035413,-0.028909,-0.251401,0.285299
2024-02-29,EWQ,-0.153877,0.011598,0.004195,0.003629,France,country_etf,FRA,Broad Market,0.011598,0.022615,-0.170984,0.013359
2024-02-29,EWS,-0.260177,-0.048011,0.002065,0.002439,Singapore,country_etf,SGP,Broad Market,-0.048011,-0.009962,-0.231191,0.365703
2024-02-29,EWT,-0.178833,0.040580,0.003552,0.004402,Taiwan,country_etf,TWN,Broad Market,0.040580,0.045497,-0.221872,0.132421
2024-02-29,EWU,-0.128551,0.031866,0.004967,0.004154,United Kingdom,country_etf,GBR,Broad Market,0.031866,0.040771,-0.164870,0.176970
2024-02-29,EWW,-0.234975,-0.000902,0.002443,0.003338,Mexico,country_etf,MEX,Broad Market,-0.000902,0.006030,-0.237539,-0.194450
2024-02-29,EWY,-0.131687,0.032479,0.004864,0.004171,South Korea,country_etf,KOR,Broad Market,0.032479,0.061559,-0.178706,-0.126856
2024-02-29,EWZ,-0.492947,-0.072847,0.000438,0.002067,Brazil,country_etf,BRA,Broad Market,-0.072847,-0.072847,-0.420100,-0.210612
2024-02-29,EZA,-0.160638,0.068769,0.004010,0.005312,South Africa,country_etf,ZAF,Broad Market,0.068769,0.068769,-0.229408,0.277066
2024-02-29,FXI,-0.106064,0.081460,0.005770,0.005781,China large cap,country_etf,CHN,Broad Market,0.081460,0.096680,-0.195134,0.531647
2024-02-29,GLD,-0.224285,-0.015903,0.002623,0.003021,Gold,commodity,,Precious Metals,-0.015903,-0.024603,-0.204032,0.390682
2024-02-29,HSBA.L,-0.224320,0.049007,0.002623,0.004656,HSBC,stock,GBR,Financials,0.049007,0.049007,-0.273327,0.520756
2024-02-29,INDA,-0.179279,0.000378,0.003541,0.003367,India,country_etf,IND,Broad Market,0.000378,0.005733,-0.182335,-0.053010
2024-02-29,INFY,-0.198769,0.029183,0.003110,0.004080,Infosys,stock,IND,Technology,0.029183,-0.028748,-0.198987,0.039188
2024-02-29,INTC,-0.127106,0.107854,0.005015,0.006893,Intel,stock,USA,Technology,0.107854,0.099573,-0.230819,-0.443031
2024-02-29,ISP.MI,-0.590819,-0.210390,0.000228,0.000826,Intesa Sanpaolo,stock,ITA,Financials,-0.210390,-0.202069,-0.384589,0.755166
2024-02-29,ITUB,-0.583476,-0.103122,0.000239,0.001689,Itau Unibanco,stock,BRA,Financials,-0.103122,-0.105515,-0.479158,-0.118960
2024-02-29,JNJ,-0.055678,0.092095,0.008073,0.006206,Johnson & Johnson,stock,USA,Healthcare,0.092095,0.087451,-0.145451,0.055360
2024-02-29,JPM,-0.216750,0.048924,0.002759,0.004654,JPMorgan,stock,USA,Financials,0.048924,0.051193,-0.266809,0.454907
2024-02-29,KO,-0.046008,0.075465,0.008611,0.005555,Coca-Cola,stock,USA,Consumer Staples,0.075465,0.070822,-0.119151,0.222673
2024-02-29,MAERSK-B.CO,0.234765,0.386002,0.055971,0.044030,Maersk,stock,DNK,Industrials,0.386002,0.371997,-0.144235,0.365331
2024-02-29,MC.PA,-0.027602,0.108896,0.009735,0.006941,LVMH,stock,FRA,Consumer Discretionary,0.108896,0.110632,-0.137366,-0.159853
2024-02-29,MCHI,-0.096532,0.101881,0.006148,0.006624,China broad,country_etf,CHN,Broad Market,0.101881,0.117101,-0.206024,0.406587
2024-02-29,MSFT,0.014315,0.180410,0.012873,0.011181,Microsoft,stock,USA,Technology,0.180410,0.229314,-0.190547,-0.032925
2024-02-29,MU,-0.281528,0.080993,0.001791,0.005763,Micron,stock,USA,Technology,0.080993,0.075227,-0.359638,0.037744
2024-02-29,NESN.SW,0.072467,0.110879,0.018970,0.007034,Nestle,stock,CHE,Consumer Staples,0.110879,0.123566,-0.044755,-0.019687
2024-02-29,NOVN.SW,-0.042478,0.057687,0.008816,0.004934,Novartis,stock,CHE,Healthcare,0.057687,0.073443,-0.108043,0.132331
2024-02-29,NOVO-B.CO,-0.201179,0.055461,0.003060,0.004861,Novo Nordisk,stock,DNK,Healthcare,0.055461,0.074869,-0.266344,-0.205009
2024-02-29,NVDA,-0.004809,0.365730,0.011332,0.038464,NVIDIA,stock,USA,Technology,0.365730,0.357111,-0.366230,0.579475
2024-02-29,OR.PA,0.030341,0.114659,0.014325,0.007213,L'Oreal,stock,FRA,Consumer Staples,0.114659,0.110009,-0.081993,-0.188524
2024-02-29,PBR,-0.634054,-0.121619,0.000171,0.001493,Petrobras,stock,BRA,Energy,-0.121619,-0.122446,-0.512022,-0.019148
2024-02-29,PFE,-0.018035,0.161415,0.010376,0.009851,Pfizer,stock,USA,Healthcare,0.161415,0.162297,-0.179891,0.057477
2024-02-29,PG,-0.094948,0.036112,0.006214,0.004273,Procter & Gamble,stock,USA,Consumer Staples,0.036112,0.044170,-0.135088,0.120733
2024-02-29,QCOM,-0.094562,0.123883,0.006230,0.007671,Qualcomm,stock,USA,Technology,0.123883,0.104765,-0.208886,0.010580
2024-02-29,QQQ,-0.066163,0.107314,0.007528,0.006868,USA tech,country_etf,USA,Broad Market,0.107314,0.115801,-0.177721,0.164442
2024-02-29,RELIANCE.NS,-0.069670,0.084470,0.007354,0.005898,Reliance,stock,IND,Energy,0.084470,0.098629,-0.161220,-0.175676
2024-02-29,ROG.SW,-0.010593,0.107838,0.010904,0.006893,Roche,stock,CHE,Healthcare,0.107838,0.133837,-0.131430,0.343448
2024-02-29,RY,-0.072199,0.082209,0.007231,0.005810,Royal Bank of Canada,stock,CAN,Financials,0.082209,0.082209,-0.154408,0.262142
2024-02-29,SAP,0.058206,0.145858,0.017249,0.008881,SAP SE,stock,DEU,Technology,0.145858,0.153831,-0.091638,0.482147
2024-02-29,SHEL,-0.199648,0.026151,0.003092,0.003998,Shell,stock,GBR,Energy,0.026151,0.042918,-0.234183,0.117593
2024-02-29,SHELL.AS,-0.578277,-0.174990,0.000248,0.001046,Shell (NL),stock,NLD,Energy,-0.174990,-0.164578,-0.408493,0.154433
2024-02-29,SHOP,0.385425,0.650768,0.152816,0.257231,Shopify,stock,CAN,Technology,0.650768,0.644300,-0.262109,0.466544
2024-02-29,SIE.DE,0.239198,0.321755,0.057650,0.028690,Siemens,stock,DEU,Industrials,0.321755,0.321755,-0.082557,0.237430
2024-02-29,SLV,-0.328083,0.017629,0.001313,0.003777,Silver,commodity,,Precious Metals,0.017629,-0.011529,-0.331133,0.365654
2024-02-29,SPY,-0.038197,0.123216,0.009071,0.007637,USA broad market,country_etf,USA,Broad Market,0.123216,0.127401,-0.163506,0.184462
2024-02-29,TCS.NS,-0.067573,0.075492,0.007458,0.005556,Tata Consultancy,stock,IND,Technology,0.075492,0.070300,-0.140470,-0.123303
2024-02-29,THD,-0.243907,-0.014562,0.002302,0.003048,Thailand,country_etf,THA,Broad Market,-0.014562,0.015692,-0.244472,-0.070024
2024-02-29,TTE,-0.252893,0.011080,0.002168,0.003616,TotalEnergies,stock,FRA,Energy,0.011080,0.025449,-0.271158,-0.008740
2024-02-29,TUR,-0.551695,-0.147254,0.000296,0.001258,Turkey,country_etf,TUR,Broad Market,-0.147254,-0.139078,-0.408529,-0.070612
2024-02-29,ULVR.L,-0.046126,0.077392,0.008604,0.005626,Unilever,stock,GBR,Consumer Staples,0.077392,0.084325,-0.126984,0.160880
2024-02-29,UNG,-0.537598,-0.072383,0.000325,0.002073,Natural Gas,commodity,,Energy,-0.072383,-0.072383,-0.465216,0.229746
2024-02-29,USO,-0.579000,0.020223,0.000247,0.003843,WTI Oil,commodity,,Energy,0.020223,0.007538,-0.592881,0.025354
2024-02-29,VALE,-0.531442,-0.050585,0.000339,0.002397,Vale,stock,BRA,Materials,-0.050585,-0.049577,-0.481361,-0.231294
2024-02-29,WMT,0.016292,0.130822,0.013044,0.008034,Walmart,stock,USA,Consumer Staples,0.130822,0.135694,-0.116966,0.702644
2024-02-29,XOM,-0.214945,0.024437,0.002792,0.003953,ExxonMobil,stock,USA,Energy,0.024437,0.024437,-0.239382,0.101108
2024-03-27,MAERSK-B.CO,0.216346,0.371916,0.945847,0.894178,Maersk,stock,DNK,Industrials,0.371916,0.370580,-0.154902,0.463588
2024-03-27,NOVO-B.CO,-0.212694,0.051794,0.054153,0.105822,Novo Nordisk,stock,DNK,Healthcare,0.051794,0.069718,-0.273450,-0.455922
2024-03-28,0700.HK,0.142158,0.323364,0.034821,0.030783,Tencent,stock,CHN,Communication Services,0.323364,0.314959,-0.177004,0.650076
2024-03-28,1398.HK,-0.323700,-0.059512,0.001560,0.002398,ICBC,stock,CHN,Financials,-0.059512,-0.049251,-0.269319,0.560682
2024-03-28,9988.HK,0.081174,0.245557,0.023189,0.018325,Alibaba,stock,CHN,Consumer Discretionary,0.245557,0.253521,-0.168365,0.827023
2024-03-28,AAPL,0.128321,0.296748,0.031753,0.025778,Apple,stock,USA,Technology,0.296748,0.305676,-0.172891,0.301486
2024-03-28,AIR.PA,-0.299982,0.098215,0.001827,0.006862,Airbus,stock,FRA,Industrials,0.098215,0.108773,-0.403477,-0.029906
2024-03-28,ALV.DE,-0.082282,0.012419,0.007799,0.003873,Allianz,stock,DEU,Financials,0.012419,0.089550,-0.133266,0.335069
2024-03-28,AMAT,-0.103761,0.180013,0.006758,0.011838,Applied Materials,stock,USA,Technology,0.180013,0.188613,-0.288075,-0.290394
2024-03-28,AMD,-0.114146,0.262522,0.006306,0.020519,Advanced Micro Devices,stock,USA,Technology,0.262522,0.252290,-0.371552,-0.430772
2024-03-28,AMX,-0.237132,0.002372,0.002778,0.003622,America Movil,stock,MEX,Communication Services,0.002372,0.019908,-0.248272,-0.214941
2024-03-28,ARGT,-0.319398,-0.030607,0.001605,0.002907,Argentina,country_etf,ARG,Broad Market,-0.030607,-0.018032,-0.295078,0.524287
2024-03-28,ASML,0.113519,0.266950,0.028769,0.021134,ASML,stock,NLD,Technology,0.266950,0.223847,-0.131880,-0.311476
2024-03-28,AVGO,0.106485,0.291435,0.027451,0.024881,Broadcom,stock,USA,Technology,0.291435,0.300263,-0.189364,0.278675
2024-03-28,AZN,0.017730,0.153910,0.015191,0.009947,AstraZeneca,stock,GBR,Healthcare,0.153910,0.148750,-0.133600,0.107130
2024-03-28,BA,-0.231104,0.187475,0.002892,0.012442,Boeing,stock,USA,Industrials,0.187475,0.186138,-0.417910,-0.116275
2024-03-28,BAC,-0.247670,0.043036,0.002589,0.004750,Bank of America,stock,USA,Financials,0.043036,0.045305,-0.291841,0.127657
2024-03-28,BHP,-0.137938,0.119527,0.005381,0.007909,BHP Group,stock,AUS,Materials,0.119527,0.119527,-0.257465,-0.117338
2024-03-28,BMW.DE,0.178072,0.315891,0.044241,0.029287,BMW,stock,DEU,Consumer Discretionary,0.315891,0.315891,-0.137819,-0.268491
2024-03-28,CAT,-0.183025,0.106837,0.003984,0.007268,Caterpillar,stock,USA,Industrials,0.106837,0.105500,-0.289194,-0.086409
2024-03-28,CBA.AX,-0.053323,0.055039,0.009459,0.005146,Commonwealth Bank,stock,AUS,Financials,0.055039,0.048382,-0.105033,0.294986
2024-03-28,CPER,-0.375528,-0.087734,0.001104,0.001986,Copper,commodity,,Industrial Metals,-0.087734,-0.048525,-0.307398,0.257962
2024-03-28,CVX,-0.205768,0.015690,0.003424,0.003958,Chevron,stock,USA,Energy,0.015690,0.015690,-0.221458,0.106429
2024-03-28,DBA,-0.368661,-0.149663,0.001156,0.001314,Agriculture,commodity,,Agriculture,-0.149663,-0.121637,-0.233011,0.107302
2024-03-28,ECH,-0.320994,-0.047074,0.001588,0.002605,Chile,country_etf,CHL,Broad Market,-0.047074,-0.047074,-0.273920,0.154792
2024-03-28,EDEN,0.065209,0.211716,0.020847,0.014624,Denmark,country_etf,DNK,Broad Market,0.211716,0.222745,-0.152022,-0.138912
2024-03-28,EIDO,-0.258020,-0.032715,0.002417,0.002867,Indonesia,country_etf,IDN,Broad Market,-0.032715,0.016716,-0.250021,-0.239911
2024-03-28,EIRL,-0.192217,0.045195,0.003747,0.004819,Ireland,country_etf,IRL,Broad Market,0.045195,0.058200,-0.243915,-0.127030
2024-03-28,ENI.MI,-0.400928,-0.034773,0.000932,0.002827,ENI,stock,ITA,Energy,-0.034773,-0.013381,-0.376851,0.045553
2024-03-28,EPHE,-0.320375,-0.066395,0.001595,0.002290,Philippines,country_etf,PHL,Broad Market,-0.066395,-0.053326,-0.260515,-0.062626
2024-03-28,EPOL,-0.324917,-0.053362,0.001547,0.002498,Poland,country_etf,POL,Broad Market,-0.053362,-0.053362,-0.271555,0.254934
2024-03-28,EWA,-0.096876,0.024342,0.007076,0.004193,Australia,country_etf,AUS,Broad Market,0.024342,0.026318,-0.122205,-0.014793
2024-03-28,EWC,-0.106528,0.023071,0.006635,0.004158,Canada,country_etf,CAN,Broad Market,0.023071,0.029328,-0.132728,0.088844
2024-03-28,EWD,-0.100628,0.040620,0.006901,0.004674,Sweden,country_etf,SWE,Broad Market,0.040620,0.042889,-0.142383,0.069942
2024-03-28,EWG,0.165587,0.214492,0.040707,0.014897,Germany,country_etf,DEU,Broad Market,0.214492,0.251144,-0.067232,0.196392
2024-03-28,EWH,-0.097882,0.148659,0.007028,0.009605,Hong Kong,country_etf,HKG,Broad Market,0.148659,0.144996,-0.244710,0.174100
2024-03-28,EWI,-0.376454,-0.102661,0.001097,0.001798,Italy,country_etf,ITA,Broad Market,-0.102661,-0.081656,-0.284296,0.166567
2024-03-28,EWJ,-0.167941,-0.061444,0.004406,0.002367,Japan,country_etf,JPN,Broad Market,-0.061444,-0.022234,-0.126102,-0.016877
2024-03-28,EWK,-0.155698,0.014334,0.004780,0.003923,Belgium,country_etf,BEL,Broad Market,0.014334,0.021346,-0.173537,0.085976
2024-03-28,EWL,-0.058863,0.041528,0.009116,0.004702,Switzerland,country_etf,CHE,Broad Market,0.041528,0.059105,-0.109179,0.110657
2024-03-28,EWM,-0.284717,-0.059984,0.002023,0.002390,Malaysia,country_etf,MYS,Broad Market,-0.059984,-0.033493,-0.237978,0.096146
2024-03-28,EWN,-0.104418,0.042228,0.006729,0.004724,Netherlands,country_etf,NLD,Broad Market,0.042228,0.037020,-0.144042,-0.036745
2024-03-28,EWO,-0.058990,0.079312,0.009109,0.006049,Austria,country_etf,AUT,Broad Market,0.079312,0.122019,-0.159656,0.240258
2024-03-28,EWP,-0.359591,-0.111328,0.001228,0.001697,Spain,country_etf,ESP,Broad Market,-0.111328,-0.091431,-0.258212,0.233190
2024-03-28,EWQ,-0.165606,-0.003893,0.004475,0.003474,France,country_etf,FRA,Broad Market,-0.003893,0.005362,-0.166340,-0.009536
2024-03-28,EWS,-0.269440,-0.058064,0.002239,0.002421,Singapore,country_etf,SGP,Broad Market,-0.058064,-0.018435,-0.231191,0.352331
2024-03-28,EWT,-0.210559,0.026477,0.003316,0.004253,Taiwan,country_etf,TWN,Broad Market,0.026477,0.022415,-0.235005,0.007120
2024-03-28,EWU,-0.145555,0.020459,0.005115,0.004086,United Kingdom,country_etf,GBR,Broad Market,0.020459,0.027378,-0.169474,0.139820
2024-03-28,EWW,-0.250546,-0.014549,0.002540,0.003236,Mexico,country_etf,MEX,Broad Market,-0.014549,-0.005349,-0.240596,-0.235150
2024-03-28,EWY,-0.148995,0.012640,0.004999,0.003879,South Korea,country_etf,KOR,Broad Market,0.012640,0.047877,-0.179254,-0.175500
2024-03-28,EWZ,-0.473619,-0.074711,0.000574,0.002167,Brazil,country_etf,BRA,Broad Market,-0.074711,-0.070877,-0.400825,-0.138240
2024-03-28,EZA,-0.163330,0.074879,0.004543,0.005873,South Africa,country_etf,ZAF,Broad Market,0.074879,0.074879,-0.238210,0.312960
2024-03-28,FXI,-0.099781,0.093173,0.006940,0.006635,China large cap,country_etf,CHN,Broad Market,0.093173,0.110807,-0.201770,0.516089
2024-03-28,GLD,-0.273907,-0.040779,0.002174,0.002717,Gold,commodity,,Precious Metals,-0.040779,-0.065392,-0.220822,0.400642
2024-03-28,HSBA.L,-0.239451,0.015975,0.002735,0.003966,HSBC,stock,GBR,Financials,0.015975,0.024065,-0.259471,0.413003
2024-03-28,INDA,-0.173264,0.003947,0.004252,0.003660,India,country_etf,IND,Broad Market,0.003947,0.009302,-0.179888,0.005087
2024-03-28,INFY,-0.174747,0.059458,0.004210,0.005299,Infosys,stock,IND,Technology,0.059458,0.006354,-0.207653,0.050367
2024-03-28,INTC,-0.096150,0.121331,0.007110,0.008005,Intel,stock,USA,Technology,0.121331,0.120195,-0.216913,-0.480487
2024-03-28,ISP.MI,-0.630157,-0.238844,0.000202,0.000725,Intesa Sanpaolo,stock,ITA,Financials,-0.238844,-0.217911,-0.401780,0.533680
2024-03-28,ITUB,-0.540656,-0.096884,0.000367,0.001869,Itau Unibanco,stock,BRA,Financials,-0.096884,-0.099277,-0.442576,-0.057465
2024-03-28,JNJ,-0.031577,0.116159,0.010935,0.007734,Johnson & Johnson,stock,USA,Healthcare,0.116159,0.111588,-0.145451,0.081992
2024-03-28,JPM,-0.229258,0.046383,0.002927,0.004857,JPMorgan,stock,USA,Financials,0.046383,0.057368,-0.281134,0.252659
2024-03-28,KO,-0.049997,0.057853,0.009672,0.005243,Coca-Cola,stock,USA,Consumer Staples,0.057853,0.054333,-0.106090,0.205656
2024-03-28,MC.PA,-0.004268,0.127071,0.013119,0.008317,LVMH,stock,FRA,Consumer Discretionary,0.127071,0.127071,-0.131339,-0.301259
2024-03-28,MCHI,-0.103932,0.102068,0.006751,0.007040,China broad,country_etf,CHN,Broad Market,0.102068,0.119702,-0.214817,0.401514
2024-03-28,MSFT,0.065044,0.225668,0.020824,0.016049,Microsoft,stock,USA,Technology,0.225668,0.252596,-0.174088,-0.100932
2024-03-28,MU,-0.243134,0.142255,0.002669,0.009203,Micron,stock,USA,Technology,0.142255,0.136426,-0.382474,-0.259559
2024-03-28,NESN.SW,0.044163,0.088513,0.018118,0.006432,Nestle,stock,CHE,Consumer Staples,0.088513,0.101128,-0.050657,-0.036599
2024-03-28,NOVN.SW,-0.030254,0.052897,0.011032,0.005073,Novartis,stock,CHE,Healthcare,0.052897,0.070407,-0.091906,0.159878
2024-03-28,NVDA,-0.085480,0.273379,0.007634,0.022059,NVIDIA,stock,USA,Technology,0.273379,0.255309,-0.349824,0.199872
2024-03-28,OR.PA,0.051052,0.124909,0.018970,0.008198,L'Oreal,stock,FRA,Consumer Staples,0.124909,0.121838,-0.072322,-0.206377
2024-03-28,PBR,-0.634839,-0.126500,0.000196,0.001534,Petrobras,stock,BRA,Energy,-0.126500,-0.121659,-0.510760,0.144333
2024-03-28,PFE,-0.025185,0.111478,0.011411,0.007496,Pfizer,stock,USA,Healthcare,0.111478,0.120346,-0.141097,-0.029612
2024-03-28,PG,-0.084594,0.037787,0.007679,0.004587,Procter & Gamble,stock,USA,Consumer Staples,0.037787,0.043860,-0.125417,0.076271
2024-03-28,QCOM,-0.078019,0.139592,0.008023,0.009041,Qualcomm,stock,USA,Technology,0.139592,0.120474,-0.208052,-0.074495
2024-03-28,QQQ,-0.038391,0.123730,0.010450,0.008134,USA tech,country_etf,USA,Broad Market,0.123730,0.129287,-0.164899,0.062558
2024-03-28,RELIANCE.NS,-0.067265,0.088249,0.008620,0.006421,Reliance,stock,IND,Energy,0.088249,0.102408,-0.162593,-0.138925
2024-03-28,ROG.SW,-0.019257,0.096876,0.011871,0.006801,Roche,stock,CHE,Healthcare,0.096876,0.128711,-0.132051,0.306519
2024-03-28,RY,-0.070295,0.088455,0.008447,0.006430,Royal Bank of Canada,stock,CAN,Financials,0.088455,0.088455,-0.158750,0.158581
2024-03-28,SAP,0.063018,0.163662,0.020545,0.010615,SAP SE,stock,DEU,Technology,0.163662,0.166199,-0.101912,0.393676
2024-03-28,SHEL,-0.204113,0.027780,0.003462,0.004291,Shell,stock,GBR,Energy,0.027780,0.042839,-0.239423,0.137773
2024-03-28,SHELL.AS,-0.598893,-0.186763,0.000249,0.001026,Shell (NL),stock,NLD,Energy,-0.186763,-0.176624,-0.417199,0.144374
2024-03-28,SHOP,0.396698,0.677941,0.190024,0.327281,Shopify,stock,CAN,Technology,0.677941,0.667505,-0.276025,0.237268
2024-03-28,SIE.DE,0.267439,0.349446,0.080272,0.036629,Siemens,stock,DEU,Industrials,0.349446,0.349446,-0.082007,0.225462
2024-03-28,SLV,-0.369820,-0.007465,0.001147,0.003392,Silver,commodity,,Precious Metals,-0.007465,-0.061236,-0.335470,0.362198
2024-03-28,SPY,-0.043613,0.122781,0.010092,0.008083,USA broad market,country_etf,USA,Broad Market,0.122781,0.126106,-0.168056,0.083047
2024-03-28,TCS.NS,-0.022075,0.112122,0.011650,0.007528,Tata Consultancy,stock,IND,Technology,0.112122,0.084071,-0.120172,-0.041138
2024-03-28,THD,-0.250899,-0.026512,0.002534,0.002988,Thailand,country_etf,THA,Broad Market,-0.026512,0.014375,-0.244831,-0.080867
2024-03-28,TTE,-0.300950,-0.012632,0.001815,0.003277,TotalEnergies,stock,FRA,Energy,-0.012632,0.001987,-0.295628,-0.007654
2024-03-28,TUR,-0.546079,-0.148398,0.000354,0.001326,Turkey,country_etf,TUR,Broad Market,-0.148398,-0.136389,-0.403686,-0.071820
2024-03-28,ULVR.L,-0.048177,0.077318,0.009790,0.005970,Unilever,stock,GBR,Consumer Staples,0.077318,0.084251,-0.128961,0.160001
2024-03-28,UNG,-0.496824,-0.061887,0.000492,0.002360,Natural Gas,commodity,,Energy,-0.061887,-0.061887,-0.434937,0.483185
2024-03-28,USO,-0.624834,-0.022297,0.000209,0.003073,WTI Oil,commodity,,Energy,-0.022297,-0.034981,-0.596195,-0.017782
2024-03-28,VALE,-0.497143,-0.036488,0.000491,0.002795,Vale,stock,BRA,Materials,-0.036488,-0.035481,-0.461159,-0.109432
2024-03-28,WMT,0.020691,0.130225,0.015494,0.008494,Walmart,stock,USA,Consumer Staples,0.130225,0.128417,-0.108630,0.475550
2024-03-28,XOM,-0.241569,-0.010618,0.002697,0.003322,ExxonMobil,stock,USA,Energy,-0.010618,-0.008882,-0.231819,0.057677
2024-03-29,000660.KS,-0.180968,0.065952,0.046269,0.100059,SK Hynix,stock,KOR,Technology,0.065952,0.160650,-0.294269,0.051887
2024-03-29,005930.KS,-0.039701,0.055491,0.118658,0.093319,Samsung Electronics,stock,KOR,Technology,0.055491,0.148423,-0.141658,-0.282392
2024-03-29,2317.TW,-0.391174,-0.073066,0.011394,0.039606,Hon Hai (Foxconn),stock,TWN,Technology,-0.073066,-0.085775,-0.311754,-0.011594
2024-03-29,2330.TW,-0.013531,0.224413,0.141275,0.287772,TSMC,stock,TWN,Technology,0.224413,0.148699,-0.200087,0.192538
2024-03-29,6758.T,-0.031128,0.114054,0.125637,0.137888,Sony,stock,JPN,Technology,0.114054,0.204983,-0.190647,0.460322
2024-03-29,6861.T,0.174009,0.207715,0.493232,0.257455,Keyence,stock,JPN,Technology,0.207715,0.285606,-0.072651,-0.155958
2024-03-29,7203.T,-0.242340,-0.090986,0.030733,0.035146,Toyota,stock,JPN,Consumer Discretionary,-0.090986,0.012373,-0.203033,-0.288569
2024-03-29,9984.T,-0.232565,-0.041891,0.032802,0.048755,SoftBank,stock,JPN,Communication Services,-0.041891,0.078484,-0.250862,-0.159230
2024-04-30,000660.KS,-0.155563,0.085370,0.003975,0.005281,SK Hynix,stock,KOR,Technology,0.085370,0.190973,-0.293734,0.028537
2024-04-30,005930.KS,-0.007267,0.086331,0.010684,0.005315,Samsung Electronics,stock,KOR,Technology,0.086331,0.169548,-0.135206,-0.267382
2024-04-30,0700.HK,0.089981,0.287124,0.020430,0.020269,Tencent,stock,CHN,Communication Services,0.287124,0.278719,-0.192940,0.386297
2024-04-30,1398.HK,-0.328509,-0.072737,0.001255,0.001840,ICBC,stock,CHN,Financials,-0.072737,-0.044711,-0.269785,0.395957
2024-04-30,2317.TW,-0.300272,0.017443,0.001515,0.003358,Hon Hai (Foxconn),stock,TWN,Technology,0.017443,0.005243,-0.311615,-0.069691
2024-04-30,2330.TW,0.027356,0.258096,0.013457,0.016702,TSMC,stock,TWN,Technology,0.258096,0.204480,-0.203932,0.168830
2024-04-30,6758.T,0.009283,0.144727,0.011930,0.007844,Sony,stock,JPN,Technology,0.144727,0.255134,-0.190647,0.449794
2024-04-30,6861.T,0.178498,0.204809,0.036860,0.011708,Keyence,stock,JPN,Technology,0.204809,0.285291,-0.066552,-0.144069
2024-04-30,7203.T,-0.239716,-0.084039,0.002268,0.001707,Toyota,stock,JPN,Consumer Discretionary,-0.084039,0.019320,-0.207356,-0.224994
2024-04-30,9984.T,-0.203777,-0.036202,0.002882,0.002348,SoftBank,stock,JPN,Communication Services,-0.036202,0.084173,-0.227763,-0.090143
2024-04-30,9988.HK,0.000355,0.181032,0.011240,0.009992,Alibaba,stock,CHN,Consumer Discretionary,0.181032,0.189186,-0.184755,0.584664
2024-04-30,AAPL,0.123898,0.291941,0.025614,0.020930,Apple,stock,USA,Technology,0.291941,0.302159,-0.173152,0.253469
2024-04-30,AIR.PA,-0.260504,0.145218,0.001975,0.007870,Airbus,stock,FRA,Industrials,0.145218,0.155162,-0.410694,-0.027363
2024-04-30,ALV.DE,-0.060746,0.027653,0.007480,0.003594,Allianz,stock,DEU,Financials,0.027653,0.105733,-0.127439,0.438569
2024-04-30,AMAT,-0.071496,0.210663,0.006962,0.012174,Applied Materials,stock,USA,Technology,0.210663,0.223547,-0.288601,-0.234940
2024-04-30,AMD,-0.133067,0.219814,0.004618,0.012940,Advanced Micro Devices,stock,USA,Technology,0.219814,0.209582,-0.347765,-0.385339
2024-04-30,AMX,-0.240877,0.001763,0.002251,0.003024,America Movil,stock,MEX,Communication Services,0.001763,0.019300,-0.251409,-0.068188
2024-04-30,ARGT,-0.325502,-0.032507,0.001280,0.002407,Argentina,country_etf,ARG,Broad Market,-0.032507,-0.019931,-0.299283,0.515081
2024-04-30,ASML,0.085498,0.242480,0.019829,0.015051,ASML,stock,NLD,Technology,0.242480,0.196248,-0.133866,-0.227054
2024-04-30,AVGO,0.083007,0.273524,0.019502,0.018512,Broadcom,stock,USA,Technology,0.273524,0.297005,-0.202258,0.498328
2024-04-30,AZN,-0.048351,0.091660,0.008124,0.005507,AstraZeneca,stock,GBR,Healthcare,0.091660,0.091212,-0.139787,-0.034489
2024-04-30,BA,-0.229135,0.179654,0.002434,0.009901,Boeing,stock,USA,Industrials,0.179654,0.178318,-0.408121,0.091754
2024-04-30,BAC,-0.243676,0.042634,0.002209,0.003971,Bank of America,stock,USA,Financials,0.042634,0.044902,-0.287444,0.104162
2024-04-30,BHP,-0.144617,0.113841,0.004276,0.006384,BHP Group,stock,AUS,Materials,0.113841,0.113841,-0.258459,-0.095681
2024-04-30,BMW.DE,0.165456,0.303376,0.033791,0.022588,BMW,stock,DEU,Consumer Discretionary,0.303376,0.303376,-0.137919,-0.229862
2024-04-30,CAT,-0.157627,0.131794,0.003921,0.007196,Caterpillar,stock,USA,Industrials,0.131794,0.130458,-0.288753,-0.060604
2024-04-30,CBA.AX,-0.035209,0.059203,0.008868,0.004435,Commonwealth Bank,stock,AUS,Financials,0.059203,0.053055,-0.091338,0.501818
2024-04-30,CPER,-0.459902,-0.100060,0.000523,0.001534,Copper,commodity,,Industrial Metals,-0.100060,-0.134072,-0.342837,0.008124
2024-04-30,CVX,-0.205838,0.010613,0.002843,0.003208,Chevron,stock,USA,Energy,0.010613,0.010613,-0.216450,-0.119819
2024-04-30,DBA,-0.335061,-0.122525,0.001201,0.001321,Agriculture,commodity,,Agriculture,-0.122525,-0.096458,-0.225570,0.132549
2024-04-30,ECH,-0.344980,-0.070798,0.001124,0.001864,Chile,country_etf,CHL,Broad Market,-0.070798,-0.070798,-0.274182,0.199652
2024-04-30,EDEN,0.077789,0.224211,0.018835,0.013325,Denmark,country_etf,DNK,Broad Market,0.224211,0.234763,-0.151699,-0.089096
2024-04-30,EIDO,-0.230566,-0.005522,0.002411,0.002881,Indonesia,country_etf,IDN,Broad Market,-0.005522,0.043909,-0.249759,-0.124415
2024-04-30,EIRL,-0.188843,0.036172,0.003184,0.003804,Ireland,country_etf,IRL,Broad Market,0.036172,0.051445,-0.232652,-0.051485
2024-04-30,ENI.MI,-0.412513,-0.049139,0.000717,0.002154,ENI,stock,ITA,Energy,-0.049139,-0.027746,-0.374071,-0.101244
2024-04-30,EPHE,-0.314829,-0.060066,0.001375,0.002003,Philippines,country_etf,PHL,Broad Market,-0.060066,-0.046998,-0.261297,0.068608
2024-04-30,EPOL,-0.302303,-0.050209,0.001494,0.002139,Poland,country_etf,POL,Broad Market,-0.050209,-0.047940,-0.253229,0.322476
2024-04-30,EWA,-0.078192,0.055242,0.006658,0.004320,Australia,country_etf,AUS,Broad Market,0.055242,0.057219,-0.134422,0.095548
2024-04-30,EWC,-0.082399,0.043387,0.006474,0.003991,Canada,country_etf,CAN,Broad Market,0.043387,0.048064,-0.128124,0.176050
2024-04-30,EWD,-0.121444,0.021478,0.004990,0.003449,Sweden,country_etf,SWE,Broad Market,0.021478,0.023747,-0.144056,0.154985
2024-04-30,EWG,0.175385,0.233253,0.036103,0.014153,Germany,country_etf,DEU,Broad Market,0.233253,0.255021,-0.068752,0.328112
2024-04-30,EWH,-0.163689,0.080154,0.003766,0.005100,Hong Kong,country_etf,HKG,Broad Market,0.080154,0.085785,-0.246659,0.138883
2024-04-30,EWI,-0.359526,-0.100994,0.001021,0.001524,Italy,country_etf,ITA,Broad Market,-0.100994,-0.072780,-0.272639,0.257676
2024-04-30,EWJ,-0.147114,-0.051297,0.004205,0.002123,Japan,country_etf,JPN,Broad Market,-0.051297,-0.017878,-0.112526,0.086402
2024-04-30,EWK,-0.164162,0.006131,0.003754,0.003114,Belgium,country_etf,BEL,Broad Market,0.006131,0.013143,-0.173799,0.173798
2024-04-30,EWL,-0.032592,0.062562,0.009024,0.004536,Switzerland,country_etf,CHE,Broad Market,0.062562,0.089565,-0.108656,0.212088
2024-04-30,EWM,-0.297768,-0.072153,0.001540,0.001848,Malaysia,country_etf,MYS,Broad Market,-0.072153,-0.047425,-0.237978,0.131811
2024-04-30,EWN,-0.130456,0.017710,0.004699,0.003363,Netherlands,country_etf,NLD,Broad Market,0.017710,0.012503,-0.145562,0.043001
2024-04-30,EWO,-0.094672,0.028071,0.005966,0.003604,Austria,country_etf,AUT,Broad Market,0.028071,0.093784,-0.155600,0.291274
2024-04-30,EWP,-0.324349,-0.074171,0.001290,0.001823,Spain,country_etf,ESP,Broad Market,-0.074171,-0.067384,-0.253571,0.352918
2024-04-30,EWQ,-0.159965,0.001748,0.003860,0.003024,France,country_etf,FRA,Broad Market,0.001748,0.011003,-0.166340,0.056268
2024-04-30,EWS,-0.259507,-0.044350,0.001988,0.002224,Singapore,country_etf,SGP,Broad Market,-0.044350,-0.008286,-0.233190,0.351645
2024-04-30,EWT,-0.188102,0.043736,0.003200,0.004001,Taiwan,country_etf,TWN,Broad Market,0.043736,0.037512,-0.228726,0.039580
2024-04-30,EWU,-0.137917,0.024248,0.004471,0.003513,United Kingdom,country_etf,GBR,Broad Market,0.024248,0.030181,-0.165132,0.142618
2024-04-30,EWW,-0.264183,-0.028659,0.001927,0.002469,Mexico,country_etf,MEX,Broad Market,-0.028659,-0.015626,-0.242041,-0.094934
2024-04-30,EWY,-0.147676,0.013529,0.004190,0.003271,South Korea,country_etf,KOR,Broad Market,0.013529,0.052666,-0.180774,-0.087492
2024-04-30,EWZ,-0.490669,-0.068159,0.000426,0.001897,Brazil,country_etf,BRA,Broad Market,-0.068159,-0.068987,-0.422097,-0.058190
2024-04-30,EZA,-0.179617,0.053973,0.003386,0.004283,South Africa,country_etf,ZAF,Broad Market,0.053973,0.053973,-0.233590,0.318891
2024-04-30,FXI,-0.133556,0.066060,0.004603,0.004643,China large cap,country_etf,CHN,Broad Market,0.066060,0.083695,-0.208434,0.352539
2024-04-30,GLD,-0.211093,-0.005596,0.002745,0.002879,Gold,commodity,,Precious Metals,-0.005596,-0.021574,-0.197508,0.433757
2024-04-30,HSBA.L,-0.282325,-0.015609,0.001707,0.002694,HSBC,stock,GBR,Financials,-0.015609,-0.013874,-0.267583,0.197115
2024-04-30,INDA,-0.184664,0.001161,0.003274,0.003012,India,country_etf,IND,Broad Market,0.001161,0.006516,-0.188503,0.030708
2024-04-30,INFY,-0.132398,0.090093,0.004639,0.005450,Infosys,stock,IND,Technology,0.090093,0.042257,-0.198574,0.086913
2024-04-30,INTC,0.069050,0.201039,0.017769,0.011418,Intel,stock,USA,Technology,0.201039,0.201039,-0.131989,-0.333454
2024-04-30,ISP.MI,-0.612271,-0.215475,0.000189,0.000711,Intesa Sanpaolo,stock,ITA,Financials,-0.215475,-0.207154,-0.400956,0.446713
2024-04-30,ITUB,-0.465446,-0.017283,0.000504,0.002664,Itau Unibanco,stock,BRA,Financials,-0.017283,-0.012443,-0.450583,0.239305
2024-04-30,JNJ,-0.016193,0.133805,0.010066,0.007293,Johnson & Johnson,stock,USA,Healthcare,0.133805,0.129233,-0.147712,0.115738
2024-04-30,JPM,-0.217373,0.058309,0.002633,0.004409,JPMorgan,stock,USA,Financials,0.058309,0.060578,-0.276817,0.305378
2024-04-30,KO,-0.049997,0.057853,0.008035,0.004396,Coca-Cola,stock,USA,Consumer Staples,0.057853,0.054333,-0.106090,0.209647
2024-04-30,MAERSK-B.CO,0.151789,0.289952,0.030848,0.020654,Maersk,stock,DNK,Industrials,0.289952,0.289952,-0.138163,0.210967
2024-04-30,MC.PA,-0.044354,0.105416,0.008343,0.006036,LVMH,stock,FRA,Consumer Discretionary,0.105416,0.105416,-0.149770,-0.354382
2024-04-30,MCHI,-0.122402,0.089903,0.004959,0.005443,China broad,country_etf,CHN,Broad Market,0.089903,0.107537,-0.221122,0.262899
2024-04-30,MSFT,0.103905,0.244169,0.022418,0.015222,Microsoft,stock,USA,Technology,0.244169,0.268451,-0.152405,0.022982
2024-04-30,MU,-0.185159,0.186705,0.003263,0.010377,Micron,stock,USA,Technology,0.186705,0.201152,-0.379087,-0.315645
2024-04-30,NESN.SW,0.052276,0.087159,0.015889,0.005344,Nestle,stock,CHE,Consumer Staples,0.087159,0.104397,-0.043502,-0.014198
2024-04-30,NOVN.SW,-0.016263,0.064858,0.010062,0.004606,Novartis,stock,CHE,Healthcare,0.064858,0.080607,-0.088995,0.090890
2024-04-30,NOVO-B.CO,-0.199184,0.054538,0.002972,0.004300,Novo Nordisk,stock,DNK,Healthcare,0.054538,0.069830,-0.261368,-0.508000
2024-04-30,NVDA,-0.119915,0.256919,0.005042,0.016572,NVIDIA,stock,USA,Technology,0.256919,0.189368,-0.343059,0.261033
2024-04-30,OR.PA,0.057173,0.130504,0.016417,0.007134,L'Oreal,stock,FRA,Consumer Staples,0.130504,0.128486,-0.072322,-0.119754
2024-04-30,PBR,-0.659870,-0.137722,0.000138,0.001193,Petrobras,stock,BRA,Energy,-0.137722,-0.136715,-0.522652,-0.194889
2024-04-30,PFE,-0.008324,0.134039,0.010608,0.007305,Pfizer,stock,USA,Healthcare,0.134039,0.142979,-0.146833,0.012489
2024-04-30,PG,-0.089680,0.030991,0.006167,0.003675,Procter & Gamble,stock,USA,Consumer Staples,0.030991,0.038644,-0.124498,0.020491
2024-04-30,QCOM,-0.073595,0.154495,0.006866,0.008372,Qualcomm,stock,USA,Technology,0.154495,0.134517,-0.218101,-0.086917
2024-04-30,QQQ,-0.023110,0.132925,0.009613,0.007251,USA tech,country_etf,USA,Broad Market,0.132925,0.138483,-0.158814,0.126678
2024-04-30,RELIANCE.NS,-0.058642,0.096871,0.007585,0.005701,Reliance,stock,IND,Energy,0.096871,0.111030,-0.162593,-0.039013
2024-04-30,ROG.SW,-0.017621,0.100945,0.009971,0.005858,Roche,stock,CHE,Healthcare,0.100945,0.131567,-0.133876,0.261134
2024-04-30,RY,-0.064691,0.096336,0.007285,0.005681,Royal Bank of Canada,stock,CAN,Financials,0.096336,0.098604,-0.162161,0.282332
2024-04-30,SAP,0.100487,0.178598,0.021913,0.009831,SAP SE,stock,DEU,Technology,0.178598,0.205344,-0.091484,0.632673
2024-04-30,SHEL,-0.203114,0.021207,0.002895,0.003443,Shell,stock,GBR,Energy,0.021207,0.034504,-0.230970,-0.063403
2024-04-30,SHELL.AS,-0.589551,-0.166026,0.000220,0.000988,Shell (NL),stock,NLD,Energy,-0.166026,-0.158620,-0.427228,-0.108385
2024-04-30,SHOP,0.443228,0.722384,0.215292,0.369005,Shopify,stock,CAN,Technology,0.722384,0.715599,-0.275764,0.353276
2024-04-30,SIE.DE,0.255575,0.330549,0.061620,0.027074,Siemens,stock,DEU,Industrials,0.330549,0.330549,-0.074974,0.174958
2024-04-30,SLV,-0.367135,-0.001819,0.000970,0.002953,Silver,commodity,,Precious Metals,-0.001819,-0.054383,-0.339034,0.230769
2024-04-30,SPY,-0.034036,0.126402,0.008937,0.006942,USA broad market,country_etf,USA,Broad Market,0.126402,0.129799,-0.162136,0.118765
2024-04-30,TCS.NS,-0.025539,0.106973,0.009458,0.006099,Tata Consultancy,stock,IND,Technology,0.106973,0.083886,-0.120968,-0.068298
2024-04-30,THD,-0.262403,-0.038016,0.001950,0.002320,Thailand,country_etf,THA,Broad Market,-0.038016,0.002871,-0.244831,-0.014586
2024-04-30,TTE,-0.285373,-0.010386,0.001673,0.002789,TotalEnergies,stock,FRA,Energy,-0.010386,0.002221,-0.281291,-0.171722
2024-04-30,TUR,-0.567300,-0.158016,0.000255,0.001042,Turkey,country_etf,TUR,Broad Market,-0.158016,-0.149841,-0.413372,-0.224540
2024-04-30,ULVR.L,-0.070932,0.062121,0.006988,0.004522,Unilever,stock,GBR,Consumer Staples,0.062121,0.068830,-0.136408,0.149912
2024-04-30,UNG,-0.478654,-0.041198,0.000461,0.002271,Natural Gas,commodity,,Energy,-0.041198,-0.041198,-0.437456,0.159280
2024-04-30,USO,-0.574125,0.020986,0.000244,0.003438,WTI Oil,commodity,,Energy,0.020986,0.008301,-0.588768,-0.189079
2024-04-30,VALE,-0.506322,-0.048279,0.000384,0.002166,Vale,stock,BRA,Materials,-0.048279,-0.047272,-0.458546,-0.167854
2024-04-30,WMT,0.026388,0.129951,0.013371,0.007108,Walmart,stock,USA,Consumer Staples,0.129951,0.126414,-0.101795,0.657135
2024-04-30,XOM,-0.226312,0.000786,0.002480,0.003005,ExxonMobil,stock,USA,Energy,0.000786,0.000786,-0.227097,-0.076728
2024-05-31,000660.KS,-0.192726,0.052357,0.003150,0.003775,SK Hynix,stock,KOR,Technology,0.052357,0.156377,-0.297093,0.093013
2024-05-31,005930.KS,0.021350,0.133162,0.013126,0.006469,Samsung Electronics,stock,KOR,Technology,0.133162,0.171733,-0.131097,-0.217768
2024-05-31,0700.HK,0.086025,0.287980,0.020202,0.018158,Tencent,stock,CHN,Communication Services,0.287980,0.279575,-0.197753,0.396745
2024-05-31,1398.HK,-0.317272,-0.066190,0.001373,0.001713,ICBC,stock,CHN,Financials,-0.066190,-0.034079,-0.267137,0.433886
2024-05-31,2317.TW,-0.329967,-0.006331,0.001262,0.002552,Hon Hai (Foxconn),stock,TWN,Technology,-0.006331,-0.022259,-0.315671,-0.069767
2024-05-31,2330.TW,0.035422,0.250420,0.014417,0.014136,TSMC,stock,TWN,Technology,0.250420,0.196804,-0.188190,0.197777
2024-05-31,6758.T,-0.036061,0.104524,0.008952,0.005345,Sony,stock,JPN,Technology,0.104524,0.206178,-0.191413,0.486371
2024-05-31,6861.T,0.216433,0.226693,0.048190,0.012068,Keyence,stock,JPN,Technology,0.226693,0.297958,-0.045893,-0.135989
2024-05-31,7203.T,-0.212768,-0.051352,0.002756,0.001891,Toyota,stock,JPN,Consumer Discretionary,-0.051352,0.056611,-0.215397,-0.158836
2024-05-31,9984.T,-0.233014,-0.039005,0.002408,0.002053,SoftBank,stock,JPN,Communication Services,-0.039005,0.082707,-0.254865,-0.153520
2024-05-31,9988.HK,0.014560,0.189292,0.012545,0.009405,Alibaba,stock,CHN,Consumer Discretionary,0.189292,0.197446,-0.178809,0.524833
2024-05-31,AAPL,0.090563,0.263928,0.020822,0.015468,Apple,stock,USA,Technology,0.263928,0.262807,-0.172805,0.049619
2024-05-31,AIR.PA,-0.258728,0.135897,0.002029,0.006588,Airbus,stock,FRA,Industrials,0.135897,0.143572,-0.398463,0.063011
2024-05-31,ALV.DE,-0.079174,0.015899,0.006716,0.002960,Allianz,stock,DEU,Financials,0.015899,0.094903,-0.134575,0.355729
2024-05-31,AMAT,-0.106205,0.176710,0.005608,0.008648,Applied Materials,stock,USA,Technology,0.176710,0.196717,-0.292918,-0.264316
2024-05-31,AMD,-0.234609,0.178845,0.002383,0.008772,Advanced Micro Devices,stock,USA,Technology,0.178845,0.162993,-0.405528,-0.336549
2024-05-31,AMX,-0.218217,0.030868,0.002658,0.003271,America Movil,stock,MEX,Communication Services,0.030868,0.050390,-0.258847,-0.060945
2024-05-31,ARGT,-0.326103,-0.030058,0.001295,0.002179,Argentina,country_etf,ARG,Broad Market,-0.030058,-0.017482,-0.302332,0.459441
2024-05-31,ASML,0.094564,0.238309,0.021385,0.013039,ASML,stock,NLD,Technology,0.238309,0.195662,-0.122422,-0.225586
2024-05-31,AVGO,0.048812,0.226891,0.015763,0.012084,Broadcom,stock,USA,Technology,0.226891,0.258899,-0.194083,0.844337
2024-05-31,AZN,-0.021245,0.107389,0.009881,0.005448,AstraZeneca,stock,GBR,Healthcare,0.107389,0.106690,-0.128285,-0.047368
2024-05-31,BA,-0.248058,0.159747,0.002178,0.007723,Boeing,stock,USA,Industrials,0.159747,0.158411,-0.407137,0.167277
2024-05-31,BAC,-0.251239,0.037722,0.002133,0.003424,Bank of America,stock,USA,Financials,0.037722,0.039990,-0.290095,0.130783
2024-05-31,BHP,-0.153781,0.059736,0.004084,0.003965,BHP Group,stock,AUS,Materials,0.059736,0.059736,-0.213517,-0.136690
2024-05-31,BMW.DE,0.264897,0.379114,0.066569,0.033337,BMW,stock,DEU,Consumer Discretionary,0.379114,0.379114,-0.114217,-0.116605
2024-05-31,CAT,-0.163801,0.125882,0.003820,0.006162,Caterpillar,stock,USA,Industrials,0.125882,0.124545,-0.289015,0.044793
2024-05-31,CBA.AX,-0.036701,0.066847,0.008914,0.004157,Commonwealth Bank,stock,AUS,Financials,0.066847,0.061177,-0.100713,0.519762
2024-05-31,CPER,-0.401650,-0.109628,0.000782,0.001282,Copper,commodity,,Industrial Metals,-0.109628,-0.085334,-0.304169,0.033075
2024-05-31,CVX,-0.178956,0.001427,0.003453,0.002688,Chevron,stock,USA,Energy,0.001427,0.007500,-0.183420,-0.119479
2024-05-31,DBA,-0.333902,-0.125989,0.001229,0.001149,Agriculture,commodity,,Agriculture,-0.125989,-0.099923,-0.220946,0.105910
2024-05-31,ECH,-0.307320,-0.035968,0.001467,0.002095,Chile,country_etf,CHL,Broad Market,-0.035968,-0.035968,-0.271352,0.148120
2024-05-31,EDEN,0.028621,0.210072,0.013778,0.010802,Denmark,country_etf,DNK,Broad Market,0.210072,0.220153,-0.186491,-0.088641
2024-05-31,EIDO,-0.232915,-0.006856,0.002410,0.002543,Indonesia,country_etf,IDN,Broad Market,-0.006856,0.039826,-0.249400,0.003813
2024-05-31,EIRL,-0.188956,0.049016,0.003230,0.003691,Ireland,country_etf,IRL,Broad Market,0.049016,0.064289,-0.245609,-0.041862
2024-05-31,ENI.MI,-0.424762,-0.056530,0.000671,0.001826,ENI,stock,ITA,Energy,-0.056530,-0.036142,-0.378426,-0.038382
2024-05-31,EPHE,-0.260245,-0.008894,0.002008,0.002509,Philippines,country_etf,PHL,Broad Market,-0.008894,0.004398,-0.257998,0.138189
2024-05-31,EPOL,-0.316090,-0.058805,0.001384,0.001799,Poland,country_etf,POL,Broad Market,-0.058805,-0.056537,-0.258419,0.274749
2024-05-31,EWA,-0.102174,0.025967,0.005761,0.003166,Australia,country_etf,AUS,Broad Market,0.025967,0.027944,-0.129130,0.085261
2024-05-31,EWC,-0.100350,0.028093,0.005831,0.003211,Canada,country_etf,CAN,Broad Market,0.028093,0.037309,-0.133051,0.201963
2024-05-31,EWD,-0.171462,-0.029708,0.003630,0.002184,Sweden,country_etf,SWE,Broad Market,-0.029708,-0.025704,-0.143756,0.101333
2024-05-31,EWG,0.192019,0.237738,0.040952,0.012990,Germany,country_etf,DEU,Broad Market,0.237738,0.272121,-0.062910,0.341074
2024-05-31,EWH,-0.158791,0.089394,0.003950,0.004832,Hong Kong,country_etf,HKG,Broad Market,0.089394,0.095026,-0.251001,0.181117
2024-05-31,EWI,-0.367042,-0.102581,0.000985,0.001344,Italy,country_etf,ITA,Broad Market,-0.102581,-0.085330,-0.273087,0.279156
2024-05-31,EWJ,-0.123082,-0.030966,0.005011,0.002166,Japan,country_etf,JPN,Broad Market,-0.030966,0.007019,-0.111109,0.099528
2024-05-31,EWK,-0.158042,0.012629,0.003970,0.002896,Belgium,country_etf,BEL,Broad Market,0.012629,0.025869,-0.177291,0.162534
2024-05-31,EWL,-0.082596,0.024840,0.006564,0.003142,Switzerland,country_etf,CHE,Broad Market,0.024840,0.037753,-0.113893,0.145805
2024-05-31,EWM,-0.307215,-0.075826,0.001468,0.001606,Malaysia,country_etf,MYS,Broad Market,-0.075826,-0.051097,-0.243753,0.079482
2024-05-31,EWN,-0.132962,0.016925,0.004692,0.002980,Netherlands,country_etf,NLD,Broad Market,0.016925,0.010233,-0.146541,0.053017
2024-05-31,EWO,-0.105875,0.037318,0.005621,0.003415,Austria,country_etf,AUT,Broad Market,0.037318,0.102969,-0.176018,0.325414
2024-05-31,EWP,-0.372568,-0.110945,0.000950,0.001271,Spain,country_etf,ESP,Broad Market,-0.110945,-0.106426,-0.263883,0.340558
2024-05-31,EWQ,-0.169051,-0.004257,0.003689,0.002588,France,country_etf,FRA,Broad Market,-0.004257,0.008647,-0.171246,0.050054
2024-05-31,EWS,-0.263052,-0.051896,0.001971,0.001884,Singapore,country_etf,SGP,Broad Market,-0.051896,-0.011391,-0.231408,0.375146
2024-05-31,EWT,-0.208309,0.022163,0.002839,0.003086,Taiwan,country_etf,TWN,Broad Market,0.022163,0.015653,-0.227217,0.074845
2024-05-31,EWU,-0.143234,0.023632,0.004381,0.003117,United Kingdom,country_etf,GBR,Broad Market,0.023632,0.031836,-0.170968,0.143801
2024-05-31,EWW,-0.230864,-0.002849,0.002443,0.002612,Mexico,country_etf,MEX,Broad Market,-0.002849,0.011462,-0.235171,-0.035553
2024-05-31,EWY,-0.107957,0.058706,0.005543,0.003938,South Korea,country_etf,KOR,Broad Market,0.058706,0.086925,-0.180773,-0.001612
2024-05-31,EWZ,-0.392596,-0.000633,0.000831,0.002651,Brazil,country_etf,BRA,Broad Market,-0.000633,-0.001461,-0.391549,-0.006483
2024-05-31,EZA,-0.200183,0.047260,0.002997,0.003648,South Africa,country_etf,ZAF,Broad Market,0.047260,0.047260,-0.247444,0.374434
2024-05-31,FXI,-0.154904,0.047911,0.004053,0.003664,China large cap,country_etf,CHN,Broad Market,0.047911,0.057882,-0.207800,0.338227
2024-05-31,GLD,-0.212401,-0.006580,0.002763,0.002548,Gold,commodity,,Precious Metals,-0.006580,-0.022558,-0.197831,0.410125
2024-05-31,HSBA.L,-0.258909,0.002440,0.002026,0.002706,HSBC,stock,GBR,Financials,0.002440,0.002440,-0.261348,0.254638
2024-05-31,INDA,-0.169497,0.006511,0.003678,0.002781,India,country_etf,IND,Broad Market,0.006511,0.011865,-0.178685,0.031936
2024-05-31,INFY,-0.122566,0.095148,0.005029,0.005021,Infosys,stock,IND,Technology,0.095148,0.043164,-0.191722,0.113921
2024-05-31,INTC,0.055841,0.177584,0.016519,0.008698,Intel,stock,USA,Technology,0.177584,0.177584,-0.121744,-0.362269
2024-05-31,ISP.MI,-0.609585,-0.220860,0.000196,0.000611,Intesa Sanpaolo,stock,ITA,Financials,-0.220860,-0.196399,-0.400956,0.474338
2024-05-31,ITUB,-0.431295,-0.018609,0.000642,0.002352,Itau Unibanco,stock,BRA,Financials,-0.018609,-0.017601,-0.413190,0.307252
2024-05-31,JNJ,-0.041050,0.109209,0.008659,0.005514,Johnson & Johnson,stock,USA,Healthcare,0.109209,0.104638,-0.147973,0.092705
2024-05-31,JPM,-0.221273,0.051734,0.002604,0.003759,JPMorgan,stock,USA,Financials,0.051734,0.062720,-0.278500,0.333083
2024-05-31,KO,-0.081698,0.065350,0.006604,0.004116,Coca-Cola,stock,USA,Consumer Staples,0.065350,0.055499,-0.142122,0.179984
2024-05-31,MAERSK-B.CO,0.071449,0.271269,0.018331,0.016244,Maersk,stock,DNK,Industrials,0.271269,0.271269,-0.199820,0.047226
2024-05-31,MC.PA,-0.007905,0.142932,0.010800,0.006904,LVMH,stock,FRA,Consumer Discretionary,0.142932,0.142932,-0.150837,-0.333137
2024-05-31,MCHI,-0.120395,0.095107,0.005102,0.005019,China broad,country_etf,CHN,Broad Market,0.095107,0.105078,-0.220488,0.233795
2024-05-31,MSFT,0.060670,0.207413,0.017060,0.010612,Microsoft,stock,USA,Technology,0.207413,0.204612,-0.145343,0.117456
2024-05-31,MU,-0.185984,0.187899,0.003295,0.009318,Micron,stock,USA,Technology,0.187899,0.174518,-0.367192,-0.240837
2024-05-31,NESN.SW,0.033985,0.075521,0.014280,0.004405,Nestle,stock,CHE,Consumer Staples,0.075521,0.088136,-0.047844,-0.049294
2024-05-31,NOVN.SW,-0.029546,0.055275,0.009349,0.003849,Novartis,stock,CHE,Healthcare,0.055275,0.072307,-0.093337,0.045319
2024-05-31,NOVO-B.CO,-0.200766,0.052091,0.002986,0.003768,Novo Nordisk,stock,DNK,Healthcare,0.052091,0.069114,-0.261368,-0.500688
2024-05-31,NVDA,-0.065881,0.322069,0.007338,0.022791,NVIDIA,stock,USA,Technology,0.322069,0.272456,-0.363143,0.232972
2024-05-31,OR.PA,0.060372,0.129799,0.017026,0.006325,L'Oreal,stock,FRA,Consumer Staples,0.129799,0.130020,-0.069537,-0.161362
2024-05-31,PBR,-0.665596,-0.152585,0.000135,0.000963,Petrobras,stock,BRA,Energy,-0.152585,-0.147744,-0.515431,-0.136820
2024-05-31,PFE,-0.109372,0.040273,0.005491,0.003482,Pfizer,stock,USA,Healthcare,0.040273,0.048583,-0.153800,-0.125590
2024-05-31,PG,-0.091192,0.027403,0.006199,0.003196,Procter & Gamble,stock,USA,Consumer Staples,0.027403,0.034286,-0.122037,0.057756
2024-05-31,QCOM,-0.078358,0.150485,0.006752,0.007261,Qualcomm,stock,USA,Technology,0.150485,0.138779,-0.222991,-0.277114
2024-05-31,QQQ,-0.005780,0.150052,0.010954,0.007240,USA tech,country_etf,USA,Broad Market,0.150052,0.155610,-0.158611,0.158801
2024-05-31,RELIANCE.NS,-0.037801,0.100625,0.008849,0.005207,Reliance,stock,IND,Energy,0.100625,0.116496,-0.146361,-0.003270
2024-05-31,ROG.SW,-0.044424,0.080164,0.008466,0.004543,Roche,stock,CHE,Healthcare,0.080164,0.114294,-0.141653,0.187362
2024-05-31,RY,-0.113014,0.059513,0.005359,0.003959,Royal Bank of Canada,stock,CAN,Financials,0.059513,0.063518,-0.174529,0.200611
2024-05-31,SAP,0.129364,0.205112,0.026969,0.010451,SAP SE,stock,DEU,Technology,0.205112,0.224325,-0.085355,0.675062
2024-05-31,SHEL,-0.217995,0.014865,0.002662,0.002940,Shell,stock,GBR,Energy,0.014865,0.029575,-0.240215,-0.051746
2024-05-31,SHELL.AS,-0.588280,-0.164143,0.000225,0.000891,Shell (NL),stock,NLD,Energy,-0.164143,-0.155788,-0.428315,-0.079375
2024-05-31,SHOP,0.416099,0.765722,0.182410,0.438806,Shopify,stock,CAN,Technology,0.765722,0.779710,-0.356617,0.812680
2024-05-31,SIE.DE,0.291849,0.355117,0.079672,0.028409,Siemens,stock,DEU,Industrials,0.355117,0.355117,-0.063267,0.229749
2024-05-31,SLV,-0.463598,-0.073431,0.000518,0.001632,Silver,commodity,,Precious Metals,-0.073431,-0.120718,-0.366524,0.080692
2024-05-31,SPY,-0.037955,0.126143,0.008839,0.006173,USA broad market,country_etf,USA,Broad Market,0.126143,0.130003,-0.166028,0.131827
2024-05-31,TCS.NS,0.045252,0.174335,0.015393,0.008512,Tata Consultancy,stock,IND,Technology,0.174335,0.137546,-0.110688,-0.034597
2024-05-31,THD,-0.260816,-0.034118,0.002001,0.002121,Thailand,country_etf,THA,Broad Market,-0.034118,0.002146,-0.244831,-0.041458
2024-05-31,TTE,-0.275809,-0.023665,0.001810,0.002274,TotalEnergies,stock,FRA,Energy,-0.023665,-0.007949,-0.260002,-0.152660
2024-05-31,TUR,-0.619235,-0.195342,0.000183,0.000724,Turkey,country_etf,TUR,Broad Market,-0.195342,-0.187166,-0.427981,-0.279036
2024-05-31,ULVR.L,-0.069673,0.051790,0.007155,0.003760,Unilever,stock,GBR,Consumer Staples,0.051790,0.054761,-0.122949,0.100401
2024-05-31,UNG,-0.632978,-0.169488,0.000167,0.000860,Natural Gas,commodity,,Energy,-0.169488,-0.169488,-0.463490,-0.106879
2024-05-31,USO,-0.612746,-0.006848,0.000192,0.002544,WTI Oil,commodity,,Energy,-0.006848,-0.032772,-0.592936,-0.102513
2024-05-31,VALE,-0.509666,-0.057108,0.000381,0.001819,Vale,stock,BRA,Materials,-0.057108,-0.061770,-0.450227,-0.175816
2024-05-31,WMT,-0.036227,0.091520,0.008942,0.004901,Walmart,stock,USA,Consumer Staples,0.091520,0.088709,-0.126341,0.516633
2024-05-31,XOM,-0.208928,-0.013804,0.002828,0.002428,ExxonMobil,stock,USA,Energy,-0.013804,-0.007731,-0.198161,-0.097159
2024-06-28,000660.KS,-0.184800,0.058712,0.002997,0.003099,SK Hynix,stock,KOR,Technology,0.058712,0.158014,-0.293163,0.246967
2024-06-28,005930.KS,-0.000462,0.113923,0.010241,0.004477,Samsung Electronics,stock,KOR,Technology,0.113923,0.143735,-0.129291,-0.248112
2024-06-28,0700.HK,0.087407,0.293310,0.018397,0.014805,Tencent,stock,CHN,Communication Services,0.293310,0.284905,-0.201700,0.362489
2024-06-28,1398.HK,-0.356289,-0.074926,0.000955,0.001271,ICBC,stock,CHN,Financials,-0.074926,-0.045416,-0.296118,0.487898
2024-06-28,2317.TW,-0.408869,-0.059089,0.000673,0.001413,Hon Hai (Foxconn),stock,TWN,Technology,-0.059089,-0.080217,-0.339216,-0.228373
2024-06-28,2330.TW,-0.070600,0.164147,0.006416,0.006258,TSMC,stock,TWN,Technology,0.164147,0.118169,-0.211758,0.116310
2024-06-28,6758.T,-0.047438,0.091776,0.007488,0.003863,Sony,stock,JPN,Technology,0.091776,0.186237,-0.186445,0.375682
2024-06-28,6861.T,0.224541,0.218864,0.045898,0.009013,Keyence,stock,JPN,Technology,0.218864,0.328134,-0.048958,-0.175608
2024-06-28,7203.T,-0.106829,0.057940,0.005039,0.003083,Toyota,stock,JPN,Consumer Discretionary,0.057940,0.151712,-0.211655,-0.217128
2024-06-28,9984.T,-0.201723,-0.015368,0.002677,0.001891,SoftBank,stock,JPN,Communication Services,-0.015368,0.095886,-0.241982,0.017331
2024-06-28,9988.HK,0.028669,0.202781,0.012436,0.008096,Alibaba,stock,CHN,Consumer Discretionary,0.202781,0.210935,-0.178189,0.560731
2024-06-28,AAPL,0.084710,0.265024,0.018069,0.012260,Apple,stock,USA,Technology,0.265024,0.254605,-0.175105,-0.021320
2024-06-28,AIR.PA,-0.002728,0.251769,0.010088,0.011223,Airbus,stock,FRA,Industrials,0.251769,0.251769,-0.254497,0.413103
2024-06-28,ALV.DE,-0.028836,0.067042,0.008476,0.003276,Allianz,stock,DEU,Financials,0.067042,0.145123,-0.134919,0.383212
2024-06-28,AMAT,-0.115434,0.172258,0.004758,0.006606,Applied Materials,stock,USA,Technology,0.172258,0.182710,-0.292918,-0.216917
2024-06-28,AMD,-0.187705,0.186114,0.002939,0.007245,Advanced Micro Devices,stock,USA,Technology,0.186114,0.161953,-0.361738,-0.125208
2024-06-28,AMX,-0.205165,0.031765,0.002616,0.002589,America Movil,stock,MEX,Communication Services,0.031765,0.042718,-0.242407,0.087146
2024-06-28,ARGT,-0.353095,-0.075765,0.000976,0.001264,Argentina,country_etf,ARG,Broad Market,-0.075765,-0.063189,-0.283618,0.509607
2024-06-28,ASML,0.084561,0.225809,0.018051,0.009440,ASML,stock,NLD,Technology,0.225809,0.185126,-0.120907,-0.209041
2024-06-28,AVGO,0.024700,0.228563,0.012112,0.009615,Broadcom,stock,USA,Technology,0.228563,0.217115,-0.198138,0.736444
2024-06-28,AZN,-0.007623,0.120539,0.009764,0.004679,AstraZeneca,stock,GBR,Healthcare,0.120539,0.113981,-0.124883,-0.085603
2024-06-28,BA,-0.258169,0.145580,0.001837,0.005529,Boeing,stock,USA,Industrials,0.145580,0.144244,-0.403082,0.151201
2024-06-28,BAC,-0.235706,0.050278,0.002134,0.002929,Bank of America,stock,USA,Financials,0.050278,0.052546,-0.287118,0.219002
2024-06-28,BHP,-0.157239,0.100520,0.003601,0.004095,BHP Group,stock,AUS,Materials,0.100520,0.100520,-0.257759,-0.116330
2024-06-28,BMW.DE,0.213902,0.350860,0.042756,0.021728,BMW,stock,DEU,Consumer Discretionary,0.350860,0.350860,-0.136957,-0.100110
2024-06-28,CAT,-0.138892,0.124389,0.004070,0.004801,Caterpillar,stock,USA,Industrials,0.124389,0.124389,-0.263281,0.184377
2024-06-28,CBA.AX,-0.057458,0.050247,0.007004,0.002929,Commonwealth Bank,stock,AUS,Financials,0.050247,0.035691,-0.100427,0.497555
2024-06-28,CPER,-0.365070,-0.074768,0.000901,0.001273,Copper,commodity,,Industrial Metals,-0.074768,-0.068473,-0.293449,0.162808
2024-06-28,CVX,-0.141663,0.037532,0.003995,0.002691,Chevron,stock,USA,Energy,0.037532,0.045367,-0.183112,-0.043004
2024-06-28,DBA,-0.383887,-0.117626,0.000795,0.000956,Agriculture,commodity,,Agriculture,-0.117626,-0.102203,-0.273973,0.143657
2024-06-28,ECH,-0.308966,-0.046416,0.001310,0.001537,Chile,country_etf,CHL,Broad Market,-0.046416,-0.046416,-0.262550,0.246003
2024-06-28,EDEN,0.047697,0.209020,0.014118,0.008440,Denmark,country_etf,DNK,Broad Market,0.209020,0.220049,-0.166838,-0.080438
2024-06-28,EIDO,-0.225750,0.000570,0.002281,0.002103,Indonesia,country_etf,IDN,Broad Market,0.000570,0.047253,-0.249661,-0.046118
2024-06-28,EIRL,-0.170765,0.039435,0.003291,0.002725,Ireland,country_etf,IRL,Broad Market,0.039435,0.061410,-0.221187,0.073353
2024-06-28,ENI.MI,-0.411770,-0.048938,0.000660,0.001512,ENI,stock,ITA,Energy,-0.048938,-0.026460,-0.374071,0.030124
2024-06-28,EPHE,-0.259606,-0.006759,0.001820,0.002003,Philippines,country_etf,PHL,Broad Market,-0.006759,0.004067,-0.258259,0.145642
2024-06-28,EPOL,-0.289901,-0.038447,0.001487,0.001621,Poland,country_etf,POL,Broad Market,-0.038447,-0.038447,-0.251454,0.388614
2024-06-28,EWA,-0.086273,0.033690,0.005780,0.002623,Australia,country_etf,AUS,Broad Market,0.033690,0.037651,-0.121943,0.112306
2024-06-28,EWC,-0.078527,0.043996,0.006086,0.002809,Canada,country_etf,CAN,Broad Market,0.043996,0.055197,-0.128124,0.270702
2024-06-28,EWD,-0.119532,0.003547,0.004630,0.002145,Sweden,country_etf,SWE,Broad Market,0.003547,0.003547,-0.123079,0.162202
2024-06-28,EWG,0.209794,0.253316,0.041601,0.011340,Germany,country_etf,DEU,Broad Market,0.253316,0.295702,-0.064715,0.404755
2024-06-28,EWH,-0.156954,0.086269,0.003608,0.003723,Hong Kong,country_etf,HKG,Broad Market,0.086269,0.091901,-0.246039,0.353514
2024-06-28,EWI,-0.323599,-0.075343,0.001188,0.001268,Italy,country_etf,ITA,Broad Market,-0.075343,-0.054844,-0.258506,0.387195
2024-06-28,EWJ,-0.111146,-0.016246,0.004896,0.001880,Japan,country_etf,JPN,Broad Market,-0.016246,0.015002,-0.110524,0.124816
2024-06-28,EWK,-0.144336,0.018260,0.003925,0.002366,Belgium,country_etf,BEL,Broad Market,0.018260,0.031287,-0.169109,0.225989
2024-06-28,EWL,-0.065841,0.033624,0.006623,0.002621,Switzerland,country_etf,CHE,Broad Market,0.033624,0.052528,-0.108917,0.158361
2024-06-28,EWM,-0.304005,-0.078463,0.001354,0.001242,Malaysia,country_etf,MYS,Broad Market,-0.078463,-0.051972,-0.238788,0.127427
2024-06-28,EWN,-0.103362,0.035456,0.005157,0.002654,Netherlands,country_etf,NLD,Broad Market,0.035456,0.026495,-0.134337,0.109099
2024-06-28,EWO,-0.066988,0.059154,0.006573,0.003108,Austria,country_etf,AUT,Broad Market,0.059154,0.134292,-0.163711,0.423632
2024-06-28,EWP,-0.306282,-0.056827,0.001333,0.001434,Spain,country_etf,ESP,Broad Market,-0.056827,-0.050323,-0.252707,0.462286
2024-06-28,EWQ,-0.129145,0.029556,0.004343,0.002551,France,country_etf,FRA,Broad Market,0.029556,0.043787,-0.165817,0.167359
2024-06-28,EWS,-0.267373,-0.057427,0.001728,0.001429,Singapore,country_etf,SGP,Broad Market,-0.057427,-0.014937,-0.231191,0.413697
2024-06-28,EWT,-0.215735,0.026158,0.002438,0.002494,Taiwan,country_etf,TWN,Broad Market,0.026158,0.015841,-0.236734,0.093739
2024-06-28,EWU,-0.134788,0.027474,0.004182,0.002516,United Kingdom,country_etf,GBR,Broad Market,0.027474,0.035678,-0.166364,0.186388
2024-06-28,EWW,-0.069474,0.157675,0.006465,0.005994,Mexico,country_etf,MEX,Broad Market,0.157675,0.160219,-0.228422,0.123618
2024-06-28,EWY,-0.130767,0.034589,0.004296,0.002638,South Korea,country_etf,KOR,Broad Market,0.034589,0.061289,-0.178706,0.112066
2024-06-28,EWZ,-0.343562,0.077258,0.001040,0.003506,Brazil,country_etf,BRA,Broad Market,0.077258,0.062963,-0.413673,0.125034
2024-06-28,EZA,-0.204239,0.046957,0.002632,0.002865,South Africa,country_etf,ZAF,Broad Market,0.046957,0.048692,-0.252063,0.320641
2024-06-28,FXI,-0.146107,0.048534,0.003878,0.002895,China large cap,country_etf,CHN,Broad Market,0.048534,0.066168,-0.203458,0.455812
2024-06-28,GLD,-0.209952,-0.006771,0.002534,0.002002,Gold,commodity,,Precious Metals,-0.006771,-0.024911,-0.194111,0.417748
2024-06-28,HSBA.L,-0.225988,0.035460,0.002277,0.002654,HSBC,stock,GBR,Financials,0.035460,0.035460,-0.261448,0.290152
2024-06-28,INDA,-0.197674,0.003498,0.002750,0.002144,India,country_etf,IND,Broad Market,0.003498,0.011885,-0.205365,0.005429
2024-06-28,INFY,-0.179292,0.060328,0.003109,0.003132,Infosys,stock,IND,Technology,0.060328,-0.004271,-0.207321,0.020780
2024-06-28,INTC,0.053708,0.219359,0.014696,0.009042,Intel,stock,USA,Technology,0.219359,0.219359,-0.165650,-0.272131
2024-06-28,ISP.MI,-0.609854,-0.220593,0.000176,0.000481,Intesa Sanpaolo,stock,ITA,Financials,-0.220593,-0.212272,-0.393422,0.525909
2024-06-28,ITUB,-0.401281,0.035539,0.000708,0.002655,Itau Unibanco,stock,BRA,Financials,0.035539,0.036547,-0.437324,0.383756
2024-06-28,JNJ,-0.036337,0.111435,0.008063,0.004404,Johnson & Johnson,stock,USA,Healthcare,0.111435,0.106792,-0.145451,0.079139
2024-06-28,JPM,-0.207511,0.053385,0.002576,0.002990,JPMorgan,stock,USA,Financials,0.053385,0.064371,-0.266390,0.466596
2024-06-28,KO,-0.079086,0.068224,0.006063,0.003301,Coca-Cola,stock,USA,Consumer Staples,0.068224,0.058373,-0.142384,0.144055
2024-06-28,MAERSK-B.CO,0.125758,0.312749,0.023757,0.016853,Maersk,stock,DNK,Industrials,0.312749,0.312749,-0.186991,0.068390
2024-06-28,MC.PA,-0.003543,0.140078,0.010033,0.005330,LVMH,stock,FRA,Consumer Discretionary,0.140078,0.152376,-0.149770,-0.361553
2024-06-28,MCHI,-0.120320,0.087008,0.004606,0.003742,China broad,country_etf,CHN,Broad Market,0.087008,0.104643,-0.216146,0.344760
2024-06-28,MSFT,0.066210,0.200804,0.015973,0.007990,Microsoft,stock,USA,Technology,0.200804,0.230637,-0.149511,0.121431
2024-06-28,MU,-0.232948,0.146230,0.002174,0.005553,Micron,stock,USA,Technology,0.146230,0.147503,-0.379815,-0.058632
2024-06-28,NESN.SW,0.058253,0.095150,0.015148,0.003951,Nestle,stock,CHE,Consumer Staples,0.095150,0.107836,-0.043240,-0.109671
2024-06-28,NOVN.SW,-0.030749,0.050372,0.008369,0.002931,Novartis,stock,CHE,Healthcare,0.050372,0.066121,-0.088995,0.035758
2024-06-28,NOVO-B.CO,-0.205683,0.072166,0.002607,0.003389,Novo Nordisk,stock,DNK,Healthcare,0.072166,0.084088,-0.283810,-0.553826
2024-06-28,NVDA,-0.018557,0.360469,0.009077,0.023165,NVIDIA,stock,USA,Technology,0.360469,0.295892,-0.346737,0.279261
2024-06-28,OR.PA,0.068831,0.140398,0.016254,0.005342,L'Oreal,stock,FRA,Consumer Staples,0.140398,0.140142,-0.071439,-0.098452
2024-06-28,PBR,-0.667015,-0.158592,0.000120,0.000728,Petrobras,stock,BRA,Energy,-0.158592,-0.154758,-0.510340,0.004930
2024-06-28,PFE,-0.059062,0.096992,0.006929,0.003999,Pfizer,stock,USA,Healthcare,0.096992,0.105050,-0.160083,-0.075742
2024-06-28,PG,-0.090223,0.029482,0.005629,0.002550,Procter & Gamble,stock,USA,Consumer Staples,0.029482,0.036365,-0.123147,-0.010340
2024-06-28,QCOM,-0.072389,0.156609,0.006340,0.005951,Qualcomm,stock,USA,Technology,0.156609,0.135495,-0.218441,-0.182850
2024-06-28,QQQ,-0.017408,0.139166,0.009147,0.005298,USA tech,country_etf,USA,Broad Market,0.139166,0.143240,-0.158611,0.157883
2024-06-28,RELIANCE.NS,-0.064552,0.091100,0.006680,0.003845,Reliance,stock,IND,Energy,0.091100,0.101568,-0.160886,-0.038142
2024-06-28,ROG.SW,-0.034569,0.087282,0.008158,0.003749,Roche,stock,CHE,Healthcare,0.087282,0.117632,-0.137026,0.069923
2024-06-28,RY,-0.054375,0.098425,0.007149,0.004038,Royal Bank of Canada,stock,CAN,Financials,0.098425,0.098425,-0.152800,0.280839
2024-06-28,SAP,0.076018,0.155782,0.017052,0.005918,SAP SE,stock,DEU,Technology,0.155782,0.169192,-0.086468,0.521241
2024-06-28,SHEL,-0.212629,0.019029,0.002489,0.002378,Shell,stock,GBR,Energy,0.019029,0.033739,-0.239013,0.016635
2024-06-28,SHELL.AS,-0.581372,-0.166711,0.000213,0.000689,Shell (NL),stock,NLD,Energy,-0.166711,-0.158356,-0.418838,-0.066403
2024-06-28,SHOP,0.475249,0.832248,0.244158,0.537996,Shopify,stock,CAN,Technology,0.832248,0.842144,-0.361948,0.746404
2024-06-28,SIE.DE,0.300591,0.362268,0.076205,0.023445,Siemens,stock,DEU,Industrials,0.362268,0.362268,-0.061677,0.282192
2024-06-28,SLV,-0.410182,-0.038303,0.000667,0.001623,Silver,commodity,,Precious Metals,-0.038303,-0.084947,-0.348557,0.234851
2024-06-28,SPY,-0.030806,0.129161,0.008365,0.004956,USA broad market,country_etf,USA,Broad Market,0.129161,0.132486,-0.161629,0.149435
2024-06-28,TCS.NS,-0.013049,0.137559,0.009417,0.005241,Tata Consultancy,stock,IND,Technology,0.137559,0.082315,-0.122985,-0.084564
2024-06-28,THD,-0.252222,-0.031530,0.001912,0.001698,Thailand,country_etf,THA,Broad Market,-0.031530,0.004734,-0.238824,-0.036727
2024-06-28,TTE,-0.274134,-0.024532,0.001652,0.001779,TotalEnergies,stock,FRA,Energy,-0.024532,-0.007531,-0.258102,-0.025212
2024-06-28,TUR,-0.627160,-0.189780,0.000157,0.000591,Turkey,country_etf,TUR,Broad Market,-0.189780,-0.181605,-0.441467,-0.217374
2024-06-28,ULVR.L,-0.075741,0.045722,0.006200,0.002842,Unilever,stock,GBR,Consumer Staples,0.045722,0.048693,-0.122949,0.018762
2024-06-28,UNG,-0.548515,-0.104102,0.000265,0.001047,Natural Gas,commodity,,Energy,-0.104102,-0.104102,-0.444413,-0.123351
2024-06-28,USO,-0.666365,-0.051024,0.000121,0.001491,WTI Oil,commodity,,Energy,-0.051024,-0.091582,-0.595062,-0.081417
2024-06-28,VALE,-0.437335,-0.005519,0.000557,0.002019,Vale,stock,BRA,Materials,-0.005519,-0.010180,-0.429485,-0.054402
2024-06-28,WMT,-0.010528,0.110996,0.009576,0.004391,Walmart,stock,USA,Consumer Staples,0.110996,0.107475,-0.119763,0.458929
2024-06-28,XOM,-0.184176,0.010625,0.003009,0.002249,ExxonMobil,stock,USA,Energy,0.010625,0.016698,-0.197837,-0.030934
2024-07-31,000660.KS,-0.135353,0.080550,0.005213,0.004566,SK Hynix,stock,KOR,Technology,0.080550,0.179246,-0.265251,0.419442
2024-07-31,005930.KS,0.007432,0.118633,0.013504,0.005886,Samsung Electronics,stock,KOR,Technology,0.118633,0.164765,-0.134267,-0.127941
2024-07-31,0700.HK,0.041864,0.264689,0.016989,0.015585,Tencent,stock,CHN,Communication Services,0.264689,0.258553,-0.219757,0.531753
2024-07-31,1398.HK,-0.374725,-0.090523,0.001057,0.001460,ICBC,stock,CHN,Financials,-0.090523,-0.058413,-0.300257,0.471494
2024-07-31,2317.TW,-0.341441,-0.005335,0.001319,0.002576,Hon Hai (Foxconn),stock,TWN,Technology,-0.005335,-0.014425,-0.331561,-0.068361
2024-07-31,2330.TW,-0.015362,0.200590,0.011601,0.010165,TSMC,stock,TWN,Technology,0.200590,0.186442,-0.208878,0.263477
2024-07-31,6758.T,-0.033138,0.103775,0.010304,0.005331,Sony,stock,JPN,Technology,0.103775,0.201651,-0.185851,0.369019
2024-07-31,6861.T,0.198243,0.195299,0.048187,0.009813,Keyence,stock,JPN,Technology,0.195299,0.310273,-0.054543,-0.157592
2024-07-31,7203.T,0.017133,0.172439,0.014407,0.008426,Toyota,stock,JPN,Consumer Discretionary,0.172439,0.255072,-0.196623,-0.055308
2024-07-31,9984.T,-0.197460,-0.008730,0.003446,0.002518,SoftBank,stock,JPN,Communication Services,-0.008730,0.101188,-0.243689,0.295771
2024-07-31,9988.HK,-0.035789,0.155779,0.010124,0.007540,Alibaba,stock,CHN,Consumer Discretionary,0.155779,0.166947,-0.197152,0.499922
2024-07-31,AAPL,0.092254,0.281434,0.023772,0.017426,Apple,stock,USA,Technology,0.281434,0.278711,-0.187818,-0.060966
2024-07-31,AIR.PA,-0.172405,0.190531,0.004072,0.009506,Airbus,stock,FRA,Industrials,0.190531,0.190531,-0.362936,0.286061
2024-07-31,ALV.DE,-0.033066,0.062574,0.010309,0.004051,Allianz,stock,DEU,Financials,0.062574,0.141132,-0.134919,0.388717
2024-07-31,AMAT,-0.073726,0.189822,0.007861,0.009461,Applied Materials,stock,USA,Technology,0.189822,0.219501,-0.278388,-0.143444
2024-07-31,AMD,-0.234153,0.171702,0.002698,0.008385,Advanced Micro Devices,stock,USA,Technology,0.171702,0.154126,-0.397067,0.220307
2024-07-31,AMX,-0.227555,0.010679,0.002819,0.002866,America Movil,stock,MEX,Communication Services,0.010679,0.028439,-0.247115,0.115210
2024-07-31,ARGT,-0.329552,-0.053079,0.001428,0.001874,Argentina,country_etf,ARG,Broad Market,-0.053079,-0.040504,-0.282760,0.462548
2024-07-31,ASML,0.106253,0.230192,0.026097,0.012383,ASML,stock,NLD,Technology,0.230192,0.216173,-0.116930,-0.250847
2024-07-31,AVGO,0.058133,0.241822,0.018935,0.013381,Broadcom,stock,USA,Technology,0.241822,0.250650,-0.188103,0.848687
2024-07-31,AZN,-0.019117,0.104331,0.011314,0.005351,AstraZeneca,stock,GBR,Healthcare,0.104331,0.097772,-0.120168,-0.057617
2024-07-31,BA,-0.267217,0.139655,0.002164,0.006772,Boeing,stock,USA,Industrials,0.139655,0.139655,-0.406872,0.163903
2024-07-31,BAC,-0.257281,0.024653,0.002312,0.003146,Bank of America,stock,USA,Financials,0.024653,0.026921,-0.283068,0.201401
2024-07-31,BHP,-0.155866,0.098691,0.004547,0.005153,BHP Group,stock,AUS,Materials,0.098691,0.098691,-0.254557,-0.042765
2024-07-31,BMW.DE,0.210758,0.348336,0.052380,0.027220,BMW,stock,DEU,Consumer Discretionary,0.348336,0.348336,-0.137578,0.030140
2024-07-31,CAT,-0.140113,0.126391,0.005050,0.006199,Caterpillar,stock,USA,Industrials,0.126391,0.126391,-0.266504,0.285250
2024-07-31,CBA.AX,-0.064667,0.037561,0.008351,0.003428,Commonwealth Bank,stock,AUS,Financials,0.037561,0.029929,-0.098412,0.336069
2024-07-31,CPER,-0.350837,-0.068098,0.001239,0.001695,Copper,commodity,,Industrial Metals,-0.068098,-0.043823,-0.294877,0.046911
2024-07-31,CVX,-0.167782,0.012601,0.004199,0.002903,Chevron,stock,USA,Energy,0.012601,0.018675,-0.183420,-0.012108
2024-07-31,DBA,-0.373653,-0.114139,0.001064,0.001247,Agriculture,commodity,,Agriculture,-0.114139,-0.091565,-0.270801,0.135586
2024-07-31,ECH,-0.332859,-0.062040,0.001397,0.001765,Chile,country_etf,CHL,Broad Market,-0.062040,-0.062040,-0.270820,0.175460
2024-07-31,EDEN,0.055240,0.211355,0.018574,0.010922,Denmark,country_etf,DNK,Broad Market,0.211355,0.229780,-0.165328,-0.174454
2024-07-31,EIDO,-0.262142,-0.038619,0.002239,0.002063,Indonesia,country_etf,IDN,Broad Market,-0.038619,0.010813,-0.248239,-0.105960
2024-07-31,EIRL,-0.192894,0.038159,0.003552,0.003442,Ireland,country_etf,IRL,Broad Market,0.038159,0.045368,-0.234657,-0.027196
2024-07-31,ENI.MI,-0.401212,-0.043146,0.000886,0.002002,ENI,stock,ITA,Energy,-0.043146,-0.020668,-0.369305,0.082726
2024-07-31,EPHE,-0.341825,-0.083682,0.001316,0.001528,Philippines,country_etf,PHL,Broad Market,-0.083682,-0.068628,-0.265670,0.028287
2024-07-31,EPOL,-0.331166,-0.078584,0.001413,0.001581,Poland,country_etf,POL,Broad Market,-0.078584,-0.078584,-0.252581,0.405038
2024-07-31,EWA,-0.093600,0.020623,0.006886,0.003062,Australia,country_etf,AUS,Broad Market,0.020623,0.024362,-0.116092,0.073697
2024-07-31,EWC,-0.097504,0.029114,0.006709,0.003241,Canada,country_etf,CAN,Broad Market,0.029114,0.040092,-0.132107,0.210430
2024-07-31,EWD,-0.117691,-0.001208,0.005864,0.002648,Sweden,country_etf,SWE,Broad Market,-0.001208,-0.001208,-0.116483,0.107554
2024-07-31,EWG,0.114382,0.165710,0.027550,0.008056,Germany,country_etf,DEU,Broad Market,0.165710,0.200094,-0.068520,0.344722
2024-07-31,EWH,-0.179540,0.065072,0.003883,0.004119,Hong Kong,country_etf,HKG,Broad Market,0.065072,0.070704,-0.247428,0.415388
2024-07-31,EWI,-0.331752,-0.087083,0.001407,0.001494,Italy,country_etf,ITA,Broad Market,-0.087083,-0.068347,-0.254037,0.342072
2024-07-31,EWJ,-0.093194,-0.003280,0.006905,0.002611,Japan,country_etf,JPN,Broad Market,-0.003280,0.030349,-0.106728,0.062072
2024-07-31,EWK,-0.158540,0.009929,0.004466,0.002852,Belgium,country_etf,BEL,Broad Market,0.009929,0.021407,-0.174208,0.144248
2024-07-31,EWL,-0.081092,0.024017,0.007485,0.003132,Switzerland,country_etf,CHE,Broad Market,0.024017,0.040171,-0.113186,0.065353
2024-07-31,EWM,-0.330522,-0.091158,0.001419,0.001454,Malaysia,country_etf,MYS,Broad Market,-0.091158,-0.082951,-0.243467,0.031127
2024-07-31,EWN,-0.133447,0.008912,0.005279,0.002832,Netherlands,country_etf,NLD,Broad Market,0.008912,-0.000048,-0.137879,0.060046
2024-07-31,EWO,-0.077474,0.043942,0.007667,0.003577,Austria,country_etf,AUT,Broad Market,0.043942,0.111077,-0.154984,0.376997
2024-07-31,EWP,-0.319232,-0.071108,0.001530,0.001661,Spain,country_etf,ESP,Broad Market,-0.071108,-0.066590,-0.250383,0.429805
2024-07-31,EWQ,-0.140569,0.016056,0.005035,0.002971,France,country_etf,FRA,Broad Market,0.016056,0.030286,-0.163740,0.122218
2024-07-31,EWS,-0.282091,-0.066815,0.001960,0.001710,Singapore,country_etf,SGP,Broad Market,-0.066815,-0.028545,-0.234411,0.394600
2024-07-31,EWT,-0.221582,0.021004,0.002934,0.003070,Taiwan,country_etf,TWN,Broad Market,0.021004,0.012605,-0.238386,0.134005
2024-07-31,EWU,-0.141670,0.018729,0.004998,0.003024,United Kingdom,country_etf,GBR,Broad Market,0.018729,0.025649,-0.163859,0.143822
2024-07-31,EWW,-0.117867,0.114523,0.005857,0.005727,Mexico,country_etf,MEX,Broad Market,0.114523,0.114181,-0.232219,0.117602
2024-07-31,EWY,-0.173851,-0.009660,0.004033,0.002503,South Korea,country_etf,KOR,Broad Market,-0.009660,0.027920,-0.182981,0.120226
2024-07-31,EWZ,-0.350275,0.043973,0.001244,0.003578,Brazil,country_etf,BRA,Broad Market,0.043973,0.055155,-0.399840,0.018939
2024-07-31,EZA,-0.250911,-0.010257,0.002413,0.002493,South Africa,country_etf,ZAF,Broad Market,-0.010257,-0.008025,-0.241770,0.240718
2024-07-31,FXI,-0.262466,-0.022430,0.002234,0.002298,China large cap,country_etf,CHN,Broad Market,-0.022430,0.009156,-0.255828,0.500642
2024-07-31,GLD,-0.239100,-0.010655,0.002610,0.002486,Gold,commodity,,Precious Metals,-0.010655,-0.033784,-0.216881,0.337276
2024-07-31,HSBA.L,-0.244563,0.017147,0.002517,0.002992,HSBC,stock,GBR,Financials,0.017147,0.017147,-0.261710,0.311591
2024-07-31,INDA,-0.194579,0.002297,0.003512,0.002710,India,country_etf,IND,Broad Market,0.002297,0.007652,-0.199553,-0.076614
2024-07-31,INFY,-0.248451,0.028401,0.002453,0.003225,Infosys,stock,IND,Technology,0.028401,-0.036461,-0.244421,-0.225019
2024-07-31,INTC,0.033856,0.190296,0.016106,0.009491,Intel,stock,USA,Technology,0.190296,0.190296,-0.156440,-0.351802
2024-07-31,ISP.MI,-0.607104,-0.210680,0.000224,0.000655,Intesa Sanpaolo,stock,ITA,Financials,-0.210680,-0.202359,-0.400585,0.528685
2024-07-31,ITUB,-0.405628,-0.003935,0.000860,0.002600,Itau Unibanco,stock,BRA,Financials,-0.003935,-0.002928,-0.402197,0.239476
2024-07-31,JNJ,-0.061653,0.093404,0.008520,0.004975,Johnson & Johnson,stock,USA,Healthcare,0.093404,0.087348,-0.152029,0.077653
2024-07-31,JPM,-0.219204,0.040137,0.002981,0.003488,JPMorgan,stock,USA,Financials,0.040137,0.052607,-0.265576,0.423366
2024-07-31,KO,-0.061868,0.048757,0.008508,0.003694,Coca-Cola,stock,USA,Consumer Staples,0.048757,0.041931,-0.107212,0.046980
2024-07-31,MAERSK-B.CO,0.126132,0.309678,0.029795,0.021036,Maersk,stock,DNK,Industrials,0.309678,0.308342,-0.182878,0.248716
2024-07-31,MC.PA,0.022837,0.173315,0.014965,0.008475,LVMH,stock,FRA,Consumer Discretionary,0.173315,0.173315,-0.150478,-0.258757
2024-07-31,MCHI,-0.234202,-0.008636,0.002697,0.002520,China broad,country_etf,CHN,Broad Market,-0.008636,0.022914,-0.241341,0.423568
2024-07-31,MSFT,0.095831,0.251566,0.024345,0.014279,Microsoft,stock,USA,Technology,0.251566,0.250953,-0.155429,0.285025
2024-07-31,MU,-0.260188,0.128080,0.002268,0.006269,Micron,stock,USA,Technology,0.128080,0.113380,-0.380917,-0.001544
2024-07-31,NESN.SW,0.056793,0.093592,0.018767,0.004981,Nestle,stock,CHE,Consumer Staples,0.093592,0.106279,-0.043142,-0.173734
2024-07-31,NOVN.SW,-0.028919,0.052251,0.010598,0.003781,Novartis,stock,CHE,Healthcare,0.052251,0.068549,-0.089318,-0.010367
2024-07-31,NOVO-B.CO,-0.017960,0.210803,0.011401,0.010882,Novo Nordisk,stock,DNK,Healthcare,0.210803,0.255009,-0.250866,-0.648037
2024-07-31,NVDA,-0.048584,0.303135,0.009296,0.020138,NVIDIA,stock,USA,Technology,0.303135,0.284537,-0.342420,0.520477
2024-07-31,OR.PA,0.073242,0.149790,0.020942,0.007245,L'Oreal,stock,FRA,Consumer Staples,0.149790,0.146785,-0.075046,-0.010595
2024-07-31,PBR,-0.676490,-0.153569,0.000141,0.000959,Petrobras,stock,BRA,Energy,-0.153569,-0.167863,-0.515774,0.039184
2024-07-31,PFE,-0.134576,0.041836,0.005240,0.003528,Pfizer,stock,USA,Healthcare,0.041836,0.043571,-0.177280,-0.183883
2024-07-31,PG,-0.062554,0.053846,0.008469,0.003822,Procter & Gamble,stock,USA,Consumer Staples,0.053846,0.062786,-0.120870,-0.040342
2024-07-31,QCOM,-0.043281,0.157880,0.009630,0.007646,Qualcomm,stock,USA,Technology,0.157880,0.168068,-0.206255,-0.171123
2024-07-31,QQQ,-0.060562,0.094559,0.008582,0.005013,USA tech,country_etf,USA,Broad Market,0.094559,0.100117,-0.157900,0.206188
2024-07-31,RELIANCE.NS,-0.012734,0.117908,0.011806,0.005858,Reliance,stock,IND,Energy,0.117908,0.136355,-0.139865,-0.073406
2024-07-31,ROG.SW,-0.129344,0.063547,0.005426,0.004077,Roche,stock,CHE,Healthcare,0.063547,0.061245,-0.191740,-0.070669
2024-07-31,RY,-0.093345,0.068072,0.006898,0.004202,Royal Bank of Canada,stock,CAN,Financials,0.068072,0.068072,-0.161417,0.189683
2024-07-31,SAP,0.080966,0.168623,0.022048,0.008214,SAP SE,stock,DEU,Technology,0.168623,0.170744,-0.088718,0.367165
2024-07-31,SHEL,-0.209467,0.021685,0.003180,0.003084,Shell,stock,GBR,Energy,0.021685,0.036394,-0.238507,0.027816
2024-07-31,SHELL.AS,-0.616488,-0.201827,0.000211,0.000695,Shell (NL),stock,NLD,Energy,-0.201827,-0.193472,-0.418838,-0.025354
2024-07-31,SHOP,0.328815,0.767289,0.115074,0.444510,Shopify,stock,CAN,Technology,0.767289,0.619389,-0.364524,0.996895
2024-07-31,SIE.DE,0.290477,0.355267,0.089120,0.028507,Siemens,stock,DEU,Industrials,0.355267,0.355267,-0.064790,0.358529
2024-07-31,SLV,-0.406739,-0.040365,0.000854,0.002039,Silver,commodity,,Precious Metals,-0.040365,-0.087008,-0.343052,0.262599
2024-07-31,SPY,-0.036668,0.120721,0.010065,0.005969,USA broad market,country_etf,USA,Broad Market,0.120721,0.124046,-0.159052,0.161839
2024-07-31,TCS.NS,-0.049640,0.118903,0.009231,0.005897,Tata Consultancy,stock,IND,Technology,0.118903,0.061845,-0.140014,-0.284346
2024-07-31,THD,-0.243959,-0.036636,0.002527,0.002091,Thailand,country_etf,THA,Broad Market,-0.036636,0.004687,-0.227984,0.023276
2024-07-31,TTE,-0.267797,-0.019822,0.002156,0.002339,TotalEnergies,stock,FRA,Energy,-0.019822,-0.002343,-0.256715,-0.069774
2024-07-31,TUR,-0.580650,-0.180287,0.000268,0.000802,Turkey,country_etf,TUR,Broad Market,-0.180287,-0.180287,-0.400363,-0.174084
2024-07-31,ULVR.L,-0.133774,-0.006688,0.005268,0.002553,Unilever,stock,GBR,Consumer Staples,-0.006688,0.009433,-0.135146,-0.076735
2024-07-31,UNG,-0.464088,-0.046967,0.000582,0.001951,Natural Gas,commodity,,Energy,-0.046967,-0.046967,-0.417121,0.003693
2024-07-31,USO,-0.621270,-0.020629,0.000204,0.002326,WTI Oil,commodity,,Energy,-0.020629,-0.045824,-0.588044,0.023797
2024-07-31,VALE,-0.460577,-0.029876,0.000596,0.002187,Vale,stock,BRA,Materials,-0.029876,-0.029876,-0.430701,-0.044560
2024-07-31,WMT,-0.013512,0.108011,0.011745,0.005484,Walmart,stock,USA,Consumer Staples,0.108011,0.104491,-0.119763,0.442106
2024-07-31,XOM,-0.198818,-0.004018,0.003414,0.002598,ExxonMobil,stock,USA,Energy,-0.004018,0.002056,-0.197837,-0.025780
2024-08-30,000660.KS,-0.094385,0.129528,0.007190,0.007768,SK Hynix,stock,KOR,Technology,0.129528,0.185916,-0.252107,0.566327
2024-08-30,005930.KS,0.021911,0.134498,0.015611,0.008029,Samsung Electronics,stock,KOR,Technology,0.134498,0.163744,-0.127210,-0.038712
2024-08-30,0700.HK,0.024532,0.254967,0.015886,0.017926,Tencent,stock,CHN,Communication Services,0.254967,0.248830,-0.227367,0.575149
2024-08-30,1398.HK,-0.361839,-0.086460,0.001209,0.001841,ICBC,stock,CHN,Financials,-0.086460,-0.074469,-0.281375,0.363267
2024-08-30,2317.TW,-0.300396,0.015171,0.001821,0.003624,Hon Hai (Foxconn),stock,TWN,Technology,0.015171,0.029832,-0.322898,0.143039
2024-08-30,2330.TW,-0.007093,0.196269,0.012866,0.012121,TSMC,stock,TWN,Technology,0.196269,0.194354,-0.202405,0.250093
2024-08-30,6758.T,-0.041818,0.101806,0.010208,0.006457,Sony,stock,JPN,Technology,0.101806,0.181177,-0.183309,0.446487
2024-08-30,6861.T,0.193456,0.183203,0.048990,0.011109,Keyence,stock,JPN,Technology,0.183203,0.312673,-0.054482,-0.179787
2024-08-30,7203.T,0.068539,0.163276,0.021303,0.009728,Toyota,stock,JPN,Consumer Discretionary,0.163276,0.245925,-0.136061,0.075647
2024-08-30,9984.T,-0.106047,0.066401,0.006652,0.005099,SoftBank,stock,JPN,Communication Services,0.066401,0.172848,-0.225671,0.941106
2024-08-30,9988.HK,-0.090142,0.124616,0.007396,0.007517,Alibaba,stock,CHN,Consumer Discretionary,0.124616,0.128867,-0.216883,0.423499
2024-08-30,AAPL,0.099787,0.283366,0.026237,0.021662,Apple,stock,USA,Technology,0.283366,0.289570,-0.186680,0.018430
2024-08-30,AIR.PA,-0.156744,0.201213,0.004744,0.012527,Airbus,stock,FRA,Industrials,0.201213,0.201213,-0.357957,0.318866
2024-08-30,ALV.DE,-0.056823,0.029139,0.009236,0.003978,Allianz,stock,DEU,Financials,0.029139,0.106747,-0.124765,0.341336
2024-08-30,AMAT,-0.117726,0.155202,0.006154,0.009218,Applied Materials,stock,USA,Technology,0.155202,0.132638,-0.261646,-0.176555
2024-08-30,AMD,-0.268180,0.138064,0.002257,0.008222,Advanced Micro Devices,stock,USA,Technology,0.138064,0.126198,-0.400311,0.094709
2024-08-30,AMX,-0.278279,-0.032653,0.002110,0.002635,America Movil,stock,MEX,Communication Services,-0.032653,-0.014893,-0.254506,0.245625
2024-08-30,ARGT,-0.390723,-0.100184,0.000997,0.001680,Argentina,country_etf,ARG,Broad Market,-0.100184,-0.086272,-0.297495,0.244441
2024-08-30,ASML,0.090867,0.222367,0.024722,0.014424,ASML,stock,NLD,Technology,0.222367,0.205219,-0.122926,-0.170096
2024-08-30,AVGO,0.053553,0.226207,0.019277,0.014798,Broadcom,stock,USA,Technology,0.226207,0.251836,-0.185469,0.847311
2024-08-30,AZN,-0.067129,0.075141,0.008623,0.005405,AstraZeneca,stock,GBR,Healthcare,0.075141,0.077369,-0.143384,-0.068650
2024-08-30,BA,-0.240327,0.168462,0.002718,0.010070,Boeing,stock,USA,Industrials,0.168462,0.167126,-0.408121,0.350754
2024-08-30,BAC,-0.294720,-0.003789,0.001891,0.003194,Bank of America,stock,USA,Financials,-0.003789,-0.001520,-0.292066,0.275669
2024-08-30,BHP,-0.165604,0.089312,0.004472,0.005941,BHP Group,stock,AUS,Materials,0.089312,0.089312,-0.254916,0.061226
2024-08-30,BMW.DE,0.215672,0.347788,0.056811,0.033283,BMW,stock,DEU,Consumer Discretionary,0.347788,0.352663,-0.134553,0.124884
2024-08-30,CAT,-0.134575,0.129743,0.005500,0.007779,Caterpillar,stock,USA,Industrials,0.129743,0.129743,-0.264318,0.195376
2024-08-30,CBA.AX,-0.055760,0.047486,0.009302,0.004495,Commonwealth Bank,stock,AUS,Financials,0.047486,0.040351,-0.099679,0.257026
2024-08-30,CPER,-0.372322,-0.096237,0.001127,0.001724,Copper,commodity,,Industrial Metals,-0.096237,-0.057607,-0.295401,0.069175
2024-08-30,CVX,-0.184740,0.036311,0.003937,0.004173,Chevron,stock,USA,Energy,0.036311,0.044370,-0.225080,0.134735
2024-08-30,DBA,-0.366763,-0.102400,0.001170,0.001655,Agriculture,commodity,,Agriculture,-0.102400,-0.075614,-0.277756,0.161787
2024-08-30,ECH,-0.368297,-0.093153,0.001158,0.001760,Chile,country_etf,CHL,Broad Market,-0.093153,-0.093153,-0.275144,0.261366
2024-08-30,EDEN,-0.055099,0.101896,0.009343,0.006461,Denmark,country_etf,DNK,Broad Market,0.101896,0.118159,-0.165126,-0.142873
2024-08-30,EIDO,-0.284866,-0.045162,0.002019,0.002424,Indonesia,country_etf,IDN,Broad Market,-0.045162,-0.022382,-0.251093,-0.153743
2024-08-30,EIRL,-0.215211,0.005636,0.003213,0.003401,Ireland,country_etf,IRL,Broad Market,0.005636,0.026128,-0.231093,-0.000970
2024-08-30,ENI.MI,-0.387753,-0.029687,0.001017,0.002687,ENI,stock,ITA,Energy,-0.029687,-0.007209,-0.369305,0.116188
2024-08-30,EPHE,-0.345278,-0.088847,0.001350,0.001811,Philippines,country_etf,PHL,Broad Market,-0.088847,-0.073029,-0.264340,-0.031614
2024-08-30,EPOL,-0.366102,-0.104764,0.001175,0.001629,Poland,country_etf,POL,Broad Market,-0.104764,-0.104764,-0.261338,0.362288
2024-08-30,EWA,-0.105337,0.009998,0.006684,0.003501,Australia,country_etf,AUS,Broad Market,0.009998,0.016415,-0.118543,0.080722
2024-08-30,EWC,-0.107059,0.015019,0.006607,0.003620,Canada,country_etf,CAN,Broad Market,0.015019,0.023249,-0.126193,0.229254
2024-08-30,EWD,-0.143805,-0.004419,0.005172,0.003180,Sweden,country_etf,SWE,Broad Market,-0.004419,-0.004419,-0.139386,0.125050
2024-08-30,EWG,0.108274,0.142817,0.027764,0.008487,Germany,country_etf,DEU,Broad Market,0.142817,0.185558,-0.055913,0.304825
2024-08-30,EWH,-0.178852,0.056713,0.004094,0.004780,Hong Kong,country_etf,HKG,Broad Market,0.056713,0.062345,-0.238382,0.363679
2024-08-30,EWI,-0.355499,-0.105010,0.001261,0.001626,Italy,country_etf,ITA,Broad Market,-0.105010,-0.085761,-0.260114,0.357454
2024-08-30,EWJ,-0.102405,-0.009266,0.006816,0.003079,Japan,country_etf,JPN,Broad Market,-0.009266,0.022120,-0.108832,0.113608
2024-08-30,EWK,-0.161552,-0.003925,0.004595,0.003191,Belgium,country_etf,BEL,Broad Market,-0.003925,0.007553,-0.163366,0.173442
2024-08-30,EWL,-0.094919,0.003807,0.007164,0.003360,Switzerland,country_etf,CHE,Broad Market,0.003807,0.020948,-0.107296,0.066687
2024-08-30,EWM,-0.360045,-0.110868,0.001223,0.001564,Malaysia,country_etf,MYS,Broad Market,-0.110868,-0.086341,-0.261440,-0.001798
2024-08-30,EWN,-0.157746,-0.016305,0.004713,0.002938,Netherlands,country_etf,NLD,Broad Market,-0.016305,-0.022019,-0.138584,0.066681
2024-08-30,EWO,-0.114165,0.017579,0.006302,0.003683,Austria,country_etf,AUT,Broad Market,0.017579,0.085192,-0.165550,0.399664
2024-08-30,EWP,-0.351050,-0.095457,0.001299,0.001733,Spain,country_etf,ESP,Broad Market,-0.095457,-0.090939,-0.257852,0.460137
2024-08-30,EWQ,-0.169155,-0.009839,0.004368,0.003067,France,country_etf,FRA,Broad Market,-0.009839,0.004391,-0.166431,0.100462
2024-08-30,EWS,-0.263060,-0.076938,0.002335,0.001961,Singapore,country_etf,SGP,Broad Market,-0.076938,-0.038668,-0.205257,0.423068
2024-08-30,EWT,-0.228688,-0.002447,0.002937,0.003222,Taiwan,country_etf,TWN,Broad Market,-0.002447,0.000662,-0.227795,0.128922
2024-08-30,EWU,-0.167009,-0.000052,0.004431,0.003274,United Kingdom,country_etf,GBR,Broad Market,-0.000052,0.006868,-0.170417,0.150919
2024-08-30,EWW,0.017354,0.212746,0.015144,0.013528,Mexico,country_etf,MEX,Broad Market,0.212746,0.216904,-0.197471,0.226574
2024-08-30,EWY,-0.154373,0.012973,0.004820,0.003571,South Korea,country_etf,KOR,Broad Market,0.012973,0.043573,-0.182646,0.129273
2024-08-30,EWZ,-0.400397,-0.005141,0.000935,0.003165,Brazil,country_etf,BRA,Broad Market,-0.005141,0.006041,-0.400846,0.052559
2024-08-30,EZA,-0.311689,-0.054279,0.001689,0.002281,South Africa,country_etf,ZAF,Broad Market,-0.054279,-0.026146,-0.271476,0.307123
2024-08-30,FXI,-0.263640,-0.030423,0.002326,0.002674,China large cap,country_etf,CHN,Broad Market,-0.030423,0.015151,-0.256004,0.513588
2024-08-30,GLD,-0.251840,-0.030226,0.002517,0.002678,Gold,commodity,,Precious Metals,-0.030226,-0.048366,-0.212544,0.375200
2024-08-30,HSBA.L,-0.255340,0.002432,0.002459,0.003329,HSBC,stock,GBR,Financials,0.002432,0.008537,-0.260825,0.420784
2024-08-30,INDA,-0.207609,-0.004189,0.003380,0.003185,India,country_etf,IND,Broad Market,-0.004189,0.001166,-0.206097,-0.092930
2024-08-30,INFY,-0.239693,0.040598,0.002729,0.004294,Infosys,stock,IND,Technology,0.040598,-0.023554,-0.248216,-0.258896
2024-08-30,INTC,0.212997,0.296273,0.055807,0.023608,Intel,stock,USA,Technology,0.296273,0.293719,-0.081999,0.104809
2024-08-30,ISP.MI,-0.585018,-0.204603,0.000273,0.000837,Intesa Sanpaolo,stock,ITA,Financials,-0.204603,-0.179482,-0.392975,0.546010
2024-08-30,ITUB,-0.467213,-0.014255,0.000599,0.002978,Itau Unibanco,stock,BRA,Financials,-0.014255,-0.013248,-0.453462,0.316432
2024-08-30,JNJ,-0.058569,0.095746,0.009129,0.006201,Johnson & Johnson,stock,USA,Healthcare,0.095746,0.091175,-0.152029,0.102720
2024-08-30,JPM,-0.237087,0.029391,0.002777,0.003984,JPMorgan,stock,USA,Financials,0.029391,0.048269,-0.275917,0.370946
2024-08-30,KO,-0.083443,0.034255,0.007734,0.004116,Coca-Cola,stock,USA,Consumer Staples,0.034255,0.030534,-0.115838,-0.020179
2024-08-30,MAERSK-B.CO,0.144321,0.329866,0.035306,0.029534,Maersk,stock,DNK,Industrials,0.329866,0.328529,-0.184877,0.433342
2024-08-30,MC.PA,-0.016849,0.127261,0.012056,0.007651,LVMH,stock,FRA,Consumer Discretionary,0.127261,0.127261,-0.144110,-0.233921
2024-08-30,MCHI,-0.236550,-0.021299,0.002787,0.002842,China broad,country_etf,CHN,Broad Market,-0.021299,0.028270,-0.240035,0.508482
2024-08-30,MSFT,0.064370,0.222926,0.020719,0.014478,Microsoft,stock,USA,Technology,0.222926,0.228659,-0.161422,0.223795
2024-08-30,MU,-0.214781,0.163673,0.003222,0.009753,Micron,stock,USA,Technology,0.163673,0.128070,-0.360653,0.242379
2024-08-30,NESN.SW,0.040214,0.085745,0.017637,0.005801,Nestle,stock,CHE,Consumer Staples,0.085745,0.090931,-0.048124,-0.141975
2024-08-30,NOVN.SW,-0.065932,0.041575,0.008692,0.004322,Novartis,stock,CHE,Healthcare,0.041575,0.045325,-0.109382,0.026021
2024-08-30,NOVO-B.CO,-0.059985,0.174660,0.009043,0.010494,Novo Nordisk,stock,DNK,Healthcare,0.174660,0.189952,-0.242291,-0.606586
2024-08-30,NVDA,-0.128649,0.198950,0.005722,0.012339,NVIDIA,stock,USA,Technology,0.198950,0.246166,-0.351207,0.459622
2024-08-30,OR.PA,0.075129,0.151840,0.022260,0.009013,L'Oreal,stock,FRA,Consumer Staples,0.151840,0.146495,-0.074038,0.021458
2024-08-30,PBR,-0.683281,-0.170854,0.000142,0.001049,Petrobras,stock,BRA,Energy,-0.170854,-0.169118,-0.513295,-0.058447
2024-08-30,PFE,-0.128646,0.064274,0.005722,0.005028,Pfizer,stock,USA,Healthcare,0.064274,0.064274,-0.192920,-0.086613
2024-08-30,PG,-0.088348,0.032328,0.007485,0.004063,Procter & Gamble,stock,USA,Consumer Staples,0.032328,0.039010,-0.124017,-0.061380
2024-08-30,QCOM,-0.036599,0.176167,0.010569,0.010600,Qualcomm,stock,USA,Technology,0.176167,0.155959,-0.202662,-0.062965
2024-08-30,QQQ,-0.050572,0.102778,0.009629,0.006499,USA tech,country_etf,USA,Broad Market,0.102778,0.108336,-0.156130,0.204399
2024-08-30,RELIANCE.NS,-0.055041,0.082688,0.009346,0.005684,Reliance,stock,IND,Energy,0.082688,0.100545,-0.146658,-0.097378
2024-08-30,ROG.SW,-0.100226,0.056789,0.006915,0.004783,Roche,stock,CHE,Healthcare,0.056789,0.069778,-0.163509,-0.063689
2024-08-30,RY,-0.152507,0.028602,0.004880,0.003964,Royal Bank of Canada,stock,CAN,Financials,0.028602,0.030871,-0.182243,0.245437
2024-08-30,SAP,0.091216,0.168876,0.024780,0.010097,SAP SE,stock,DEU,Technology,0.168876,0.172989,-0.079717,0.249924
2024-08-30,SHEL,-0.189477,0.033534,0.003814,0.004096,Shell,stock,GBR,Energy,0.033534,0.048315,-0.230401,0.074971
2024-08-30,SHELL.AS,-0.559586,-0.155667,0.000323,0.001160,Shell (NL),stock,NLD,Energy,-0.155667,-0.147240,-0.408132,0.030192
2024-08-30,SHOP,0.262991,0.697542,0.077882,0.342657,Shopify,stock,CAN,Technology,0.697542,0.572134,-0.371847,0.907385
2024-08-30,SIE.DE,0.275100,0.348620,0.084429,0.033468,Siemens,stock,DEU,Industrials,0.348620,0.348620,-0.073520,0.424999
2024-08-30,SLV,-0.403626,-0.037252,0.000915,0.002555,Silver,commodity,,Precious Metals,-0.037252,-0.083895,-0.343052,0.373434
2024-08-30,SPY,-0.035571,0.124054,0.010642,0.007489,USA broad market,country_etf,USA,Broad Market,0.124054,0.127379,-0.161287,0.158608
2024-08-30,TCS.NS,-0.048071,0.133419,0.009791,0.007972,Tata Consultancy,stock,IND,Technology,0.133419,0.051728,-0.140644,-0.299940
2024-08-30,THD,-0.274509,-0.042343,0.002164,0.002470,Thailand,country_etf,THA,Broad Market,-0.042343,-0.013573,-0.246551,-0.036740
2024-08-30,TTE,-0.276603,-0.027123,0.002134,0.002734,TotalEnergies,stock,FRA,Energy,-0.027123,-0.011407,-0.257338,-0.037119
2024-08-30,TUR,-0.449679,-0.068864,0.000673,0.002070,Turkey,country_etf,TUR,Broad Market,-0.068864,-0.065030,-0.382731,-0.029284
2024-08-30,ULVR.L,-0.125573,0.005803,0.005840,0.003405,Unilever,stock,GBR,Consumer Staples,0.005803,0.010751,-0.133850,-0.051438
2024-08-30,UNG,-0.470642,-0.046535,0.000585,0.002402,Natural Gas,commodity,,Energy,-0.046535,-0.046535,-0.424107,-0.040389
2024-08-30,USO,-0.593290,0.002408,0.000258,0.003328,WTI Oil,commodity,,Energy,0.002408,-0.006407,-0.591291,0.006726
2024-08-30,VALE,-0.473034,-0.032456,0.000576,0.002638,Vale,stock,BRA,Materials,-0.032456,-0.032456,-0.440578,0.060311
2024-08-30,WMT,-0.050102,0.074415,0.009659,0.005379,Walmart,stock,USA,Consumer Staples,0.074415,0.078063,-0.126341,0.267974
2024-08-30,XOM,-0.196917,-0.002116,0.003630,0.003230,ExxonMobil,stock,USA,Energy,-0.002116,0.003957,-0.197837,0.004090
2024-09-30,000660.KS,-0.122243,0.138196,0.005897,0.008531,SK Hynix,stock,KOR,Technology,0.138196,0.188420,-0.285551,1.009647
2024-09-30,005930.KS,0.137090,0.266411,0.033224,0.020055,Samsung Electronics,stock,KOR,Technology,0.266411,0.275231,-0.133731,0.396368
2024-09-30,0700.HK,-0.038320,0.225224,0.010318,0.015240,Tencent,stock,CHN,Communication Services,0.225224,0.216819,-0.259341,0.504245
2024-09-30,1398.HK,-0.417141,-0.083408,0.000826,0.001947,ICBC,stock,CHN,Financials,-0.083408,-0.072902,-0.338987,0.312338
2024-09-30,2317.TW,-0.250233,0.067721,0.002512,0.005333,Hon Hai (Foxconn),stock,TWN,Technology,0.067721,0.071381,-0.319784,0.193838
2024-09-30,2330.TW,0.033894,0.222429,0.016698,0.014958,TSMC,stock,TWN,Technology,0.222429,0.248144,-0.201392,0.386616
2024-09-30,6758.T,-0.025997,0.117839,0.011201,0.007448,Sony,stock,JPN,Technology,0.117839,0.207524,-0.188678,0.541929
2024-09-30,6861.T,0.159568,0.163777,0.038595,0.010117,Keyence,stock,JPN,Technology,0.163777,0.289540,-0.067090,-0.186519
2024-09-30,7203.T,0.036428,0.160063,0.016983,0.009870,Toyota,stock,JPN,Consumer Discretionary,0.160063,0.242711,-0.164958,0.158471
2024-09-30,9984.T,-0.063632,0.104446,0.008716,0.006812,SoftBank,stock,JPN,Communication Services,0.104446,0.210892,-0.221301,1.225974
2024-09-30,9988.HK,-0.217342,0.076427,0.003128,0.005651,Alibaba,stock,CHN,Consumer Discretionary,0.076427,0.074172,-0.292641,0.612484
2024-09-30,AAPL,0.108486,0.286596,0.027456,0.022944,Apple,stock,USA,Technology,0.286596,0.314589,-0.192106,0.097919
2024-09-30,AIR.PA,-0.180833,0.171562,0.003990,0.010656,Airbus,stock,FRA,Industrials,0.171562,0.171562,-0.352395,0.538159
2024-09-30,ALV.DE,-0.029053,0.056166,0.010975,0.004937,Allianz,stock,DEU,Financials,0.056166,0.135259,-0.124765,0.260251
2024-09-30,AMAT,-0.141008,0.145143,0.005203,0.008935,Applied Materials,stock,USA,Technology,0.145143,0.125707,-0.276433,0.023857
2024-09-30,AMD,-0.175824,0.193883,0.004126,0.012366,Advanced Micro Devices,stock,USA,Technology,0.193883,0.183354,-0.364442,-0.013957
2024-09-30,AMX,-0.257517,-0.011878,0.002393,0.003137,America Movil,stock,MEX,Communication Services,-0.011878,0.013530,-0.258343,0.324557
2024-09-30,ARGT,-0.454564,-0.164631,0.000643,0.001133,Argentina,country_etf,ARG,Broad Market,-0.164631,-0.152055,-0.296221,0.064988
2024-09-30,ASML,0.094955,0.231084,0.025088,0.015847,ASML,stock,NLD,Technology,0.231084,0.190954,-0.116064,0.173567
2024-09-30,AVGO,0.071628,0.238898,0.021474,0.016694,Broadcom,stock,USA,Technology,0.238898,0.273666,-0.184654,0.931279
2024-09-30,AZN,-0.009185,0.133278,0.012530,0.008256,AstraZeneca,stock,GBR,Healthcare,0.133278,0.133278,-0.142463,0.005737
2024-09-30,BA,-0.241255,0.174916,0.002667,0.010897,Boeing,stock,USA,Industrials,0.174916,0.173580,-0.415503,0.419561
2024-09-30,BAC,-0.298279,-0.018238,0.001824,0.003007,Bank of America,stock,USA,Financials,-0.018238,0.005287,-0.291804,0.330748
2024-09-30,BHP,-0.175711,0.038068,0.004129,0.004376,BHP Group,stock,AUS,Materials,0.038068,0.038068,-0.213779,-0.084335
2024-09-30,BMW.DE,0.283742,0.392981,0.088319,0.046631,BMW,stock,DEU,Consumer Discretionary,0.392981,0.397856,-0.111677,0.138890
2024-09-30,CAT,-0.154620,0.122954,0.004752,0.007707,Caterpillar,stock,USA,Industrials,0.122954,0.122954,-0.277574,0.239270
2024-09-30,CBA.AX,-0.042755,0.069812,0.010017,0.005408,Commonwealth Bank,stock,AUS,Financials,0.069812,0.062678,-0.109000,0.269327
2024-09-30,CPER,-0.383410,-0.094673,0.001034,0.001806,Copper,commodity,,Industrial Metals,-0.094673,-0.063933,-0.304107,0.058201
2024-09-30,CVX,-0.199229,0.029724,0.003529,0.004139,Chevron,stock,USA,Energy,0.029724,0.037782,-0.232982,0.102283
2024-09-30,DBA,-0.364205,-0.095065,0.001175,0.001802,Agriculture,commodity,,Agriculture,-0.095065,-0.054420,-0.289462,0.067611
2024-09-30,ECH,-0.351883,-0.080951,0.001276,0.001979,Chile,country_etf,CHL,Broad Market,-0.080951,-0.072527,-0.275144,0.238334
2024-09-30,EDEN,-0.109847,0.043427,0.006405,0.004535,Denmark,country_etf,DNK,Broad Market,0.043427,0.063133,-0.163128,-0.127115
2024-09-30,EIDO,-0.279487,-0.040011,0.002067,0.002600,Indonesia,country_etf,IDN,Broad Market,-0.040011,-0.012642,-0.253161,-0.186760
2024-09-30,EIRL,-0.248683,-0.015863,0.002538,0.003055,Ireland,country_etf,IRL,Broad Market,-0.015863,-0.000873,-0.240315,0.013505
2024-09-30,ENI.MI,-0.389356,-0.015519,0.000994,0.003062,ENI,stock,ITA,Energy,-0.015519,0.007030,-0.385111,0.167679
2024-09-30,EPHE,-0.350513,-0.090442,0.001287,0.001858,Philippines,country_etf,PHL,Broad Market,-0.090442,-0.075611,-0.267486,-0.129703
2024-09-30,EPOL,-0.394854,-0.128526,0.000958,0.001441,Poland,country_etf,POL,Broad Market,-0.128526,-0.118203,-0.271489,0.402613
2024-09-30,EWA,-0.144772,-0.009922,0.005074,0.003178,Australia,country_etf,AUS,Broad Market,-0.009922,-0.005666,-0.136978,0.028244
2024-09-30,EWC,-0.125935,0.009207,0.005753,0.003610,Canada,country_etf,CAN,Broad Market,0.009207,0.016739,-0.138907,0.242002
2024-09-30,EWD,-0.144440,-0.009698,0.005086,0.003183,Sweden,country_etf,SWE,Broad Market,-0.009698,-0.009698,-0.134742,0.111996
2024-09-30,EWG,0.105101,0.147799,0.026843,0.009095,Germany,country_etf,DEU,Broad Market,0.147799,0.193590,-0.065593,0.250058
2024-09-30,EWH,-0.321370,-0.043209,0.001563,0.002546,Hong Kong,country_etf,HKG,Broad Market,-0.043209,-0.076238,-0.261647,0.204233
2024-09-30,EWI,-0.348860,-0.109292,0.001302,0.001639,Italy,country_etf,ITA,Broad Market,-0.109292,-0.067413,-0.260507,0.377486
2024-09-30,EWJ,-0.114603,-0.014824,0.006205,0.003076,Japan,country_etf,JPN,Broad Market,-0.014824,0.014400,-0.114391,0.147922
2024-09-30,EWK,-0.160308,0.000765,0.004575,0.003413,Belgium,country_etf,BEL,Broad Market,0.000765,0.012721,-0.167051,0.139972
2024-09-30,EWL,-0.110090,-0.001074,0.006394,0.003371,Switzerland,country_etf,CHE,Broad Market,-0.001074,0.014342,-0.116724,0.080282
2024-09-30,EWM,-0.405108,-0.134124,0.000895,0.001389,Malaysia,country_etf,MYS,Broad Market,-0.134124,-0.129798,-0.273146,-0.003115
2024-09-30,EWN,-0.172858,-0.030258,0.004208,0.002775,Netherlands,country_etf,NLD,Broad Market,-0.030258,-0.035459,-0.140000,0.165905
2024-09-30,EWO,-0.100989,0.034386,0.006794,0.004270,Austria,country_etf,AUT,Broad Market,0.034386,0.101522,-0.168943,0.436208
2024-09-30,EWP,-0.361890,-0.098323,0.001193,0.001763,Spain,country_etf,ESP,Broad Market,-0.098323,-0.093805,-0.265826,0.454820
2024-09-30,EWQ,-0.174566,-0.017836,0.004160,0.003015,France,country_etf,FRA,Broad Market,-0.017836,-0.003169,-0.164064,0.120475
2024-09-30,EWS,-0.321478,-0.098718,0.001562,0.001758,Singapore,country_etf,SGP,Broad Market,-0.098718,-0.060649,-0.241795,0.336733
2024-09-30,EWT,-0.213385,0.013877,0.003212,0.003724,Taiwan,country_etf,TWN,Broad Market,0.013877,0.021718,-0.231182,0.219461
2024-09-30,EWU,-0.179513,-0.009807,0.004025,0.003180,United Kingdom,country_etf,GBR,Broad Market,-0.009807,-0.005049,-0.172085,0.168814
2024-09-30,EWW,-0.066579,0.129089,0.008546,0.008028,Mexico,country_etf,MEX,Broad Market,0.129089,0.130561,-0.196404,0.333887
2024-09-30,EWY,-0.158640,0.008639,0.004626,0.003597,South Korea,country_etf,KOR,Broad Market,0.008639,0.039373,-0.182646,0.282291
2024-09-30,EWZ,-0.382952,-0.003169,0.001037,0.003324,Brazil,country_etf,BRA,Broad Market,-0.003169,0.009497,-0.386116,0.120331
2024-09-30,EZA,-0.328934,-0.060966,0.001487,0.002261,South Africa,country_etf,ZAF,Broad Market,-0.060966,-0.032833,-0.282035,0.353699
2024-09-30,FXI,-0.361673,-0.051754,0.001195,0.002405,China large cap,country_etf,CHN,Broad Market,-0.051754,-0.042960,-0.314316,0.332437
2024-09-30,GLD,-0.229398,-0.012783,0.002886,0.003118,Gold,commodity,,Precious Metals,-0.012783,-0.021100,-0.212457,0.462478
2024-09-30,HSBA.L,-0.227133,0.020437,0.002930,0.003891,HSBC,stock,GBR,Financials,0.020437,0.032536,-0.253619,0.562452
2024-09-30,INDA,-0.258515,-0.075592,0.002377,0.002051,India,country_etf,IND,Broad Market,-0.075592,-0.037466,-0.201986,-0.104107
2024-09-30,INFY,-0.235253,0.037821,0.002776,0.004369,Infosys,stock,IND,Technology,0.037821,-0.025019,-0.241655,-0.250617
2024-09-30,INTC,0.160335,0.244945,0.038793,0.017381,Intel,stock,USA,Technology,0.244945,0.242391,-0.083333,0.430094
2024-09-30,ISP.MI,-0.575324,-0.204497,0.000288,0.000869,Intesa Sanpaolo,stock,ITA,Financials,-0.204497,-0.181645,-0.382253,0.584037
2024-09-30,ITUB,-0.449264,-0.020776,0.000666,0.002956,Itau Unibanco,stock,BRA,Financials,-0.020776,-0.019769,-0.428991,0.317220
2024-09-30,JNJ,-0.041264,0.108995,0.010117,0.007022,Johnson & Johnson,stock,USA,Healthcare,0.108995,0.104423,-0.147973,0.181130
2024-09-30,JPM,-0.207422,0.049769,0.003342,0.004731,JPMorgan,stock,USA,Financials,0.049769,0.061732,-0.263173,0.529514
2024-09-30,KO,-0.077871,0.024481,0.007926,0.003997,Coca-Cola,stock,USA,Consumer Staples,0.024481,0.044672,-0.112447,-0.049337
2024-09-30,MAERSK-B.CO,0.094062,0.291774,0.024939,0.023749,Maersk,stock,DNK,Industrials,0.291774,0.291774,-0.197712,0.215871
2024-09-30,MC.PA,-0.048381,0.091010,0.009649,0.006229,LVMH,stock,FRA,Consumer Discretionary,0.091010,0.100447,-0.144110,-0.225312
2024-09-30,MCHI,-0.357158,-0.071830,0.001232,0.002103,China broad,country_etf,CHN,Broad Market,-0.071830,-0.063035,-0.289726,0.331219
2024-09-30,MSFT,0.077441,0.227090,0.022323,0.015430,Microsoft,stock,USA,Technology,0.227090,0.232823,-0.152516,0.212732
2024-09-30,MU,-0.246939,0.134750,0.002568,0.008337,Micron,stock,USA,Technology,0.134750,0.094601,-0.361614,0.620890
2024-09-30,NESN.SW,0.052580,0.098316,0.018914,0.006539,Nestle,stock,CHE,Consumer Staples,0.098316,0.108197,-0.050677,-0.109062
2024-09-30,NOVN.SW,-0.022644,0.057204,0.011455,0.004972,Novartis,stock,CHE,Healthcare,0.057204,0.073024,-0.087758,0.067423
2024-09-30,NOVO-B.CO,0.031728,0.223525,0.016459,0.015068,Novo Nordisk,stock,DNK,Healthcare,0.223525,0.265068,-0.212568,-0.549432
2024-09-30,NVDA,-0.133520,0.194173,0.005470,0.012390,NVIDIA,stock,USA,Technology,0.194173,0.241389,-0.351301,0.536837
2024-09-30,OR.PA,0.065212,0.142615,0.020575,0.008786,L'Oreal,stock,FRA,Consumer Staples,0.142615,0.135886,-0.074038,-0.066839
2024-09-30,PBR,-0.681286,-0.159764,0.000142,0.001170,Petrobras,stock,BRA,Energy,-0.159764,-0.155930,-0.523439,0.015997
2024-09-30,PFE,-0.138978,0.058029,0.005274,0.004999,Pfizer,stock,USA,Healthcare,0.058029,0.058029,-0.197007,-0.057779
2024-09-30,PG,-0.081001,0.044319,0.007763,0.004562,Procter & Gamble,stock,USA,Consumer Staples,0.044319,0.052965,-0.129643,-0.090444
2024-09-30,QCOM,-0.038572,0.176330,0.010301,0.011000,Qualcomm,stock,USA,Technology,0.176330,0.154153,-0.203813,0.000320
2024-09-30,QQQ,-0.053088,0.101680,0.009350,0.006688,USA tech,country_etf,USA,Broad Market,0.101680,0.107166,-0.157511,0.236729
2024-09-30,RELIANCE.NS,-0.037057,0.100672,0.010405,0.006643,Reliance,stock,IND,Energy,0.100672,0.118529,-0.146658,-0.072551
2024-09-30,ROG.SW,-0.067294,0.077582,0.008506,0.005695,Roche,stock,CHE,Healthcare,0.077582,0.075755,-0.143963,-0.007778
2024-09-30,RY,-0.139375,0.044879,0.005260,0.004580,Royal Bank of Canada,stock,CAN,Financials,0.044879,0.047148,-0.185389,0.222258
2024-09-30,SAP,0.136860,0.202789,0.033173,0.013123,SAP SE,stock,DEU,Technology,0.202789,0.219103,-0.074086,0.176892
2024-09-30,SHEL,-0.208343,0.016833,0.003321,0.003799,Shell,stock,GBR,Energy,0.016833,0.033599,-0.233560,0.130890
2024-09-30,SHELL.AS,-0.633941,-0.204285,0.000195,0.000870,Shell (NL),stock,NLD,Energy,-0.204285,-0.183662,-0.439968,0.078858
2024-09-30,SHOP,0.277077,0.680871,0.084481,0.317837,Shopify,stock,CAN,Technology,0.680871,0.509727,-0.318222,0.854380
2024-09-30,SIE.DE,0.243785,0.316799,0.067666,0.028061,Siemens,stock,DEU,Industrials,0.316799,0.316799,-0.073014,0.276566
2024-09-30,SLV,-0.435329,-0.045510,0.000731,0.002507,Silver,commodity,,Precious Metals,-0.045510,-0.107053,-0.359047,0.491376
2024-09-30,SPY,-0.037999,0.122797,0.010340,0.007699,USA broad market,country_etf,USA,Broad Market,0.122797,0.126122,-0.162458,0.175194
2024-09-30,TCS.NS,-0.025148,0.137889,0.011265,0.008514,Tata Consultancy,stock,IND,Technology,0.137889,0.078928,-0.133557,-0.300684
2024-09-30,THD,-0.329345,-0.079651,0.001482,0.001997,Thailand,country_etf,THA,Broad Market,-0.079651,-0.056302,-0.261368,-0.119702
2024-09-30,TTE,-0.258564,-0.010250,0.002376,0.003171,TotalEnergies,stock,FRA,Energy,-0.010250,0.006751,-0.256815,-0.018542
2024-09-30,TUR,-0.443786,-0.060793,0.000691,0.002264,Turkey,country_etf,TUR,Broad Market,-0.060793,-0.060793,-0.382993,-0.040842
2024-09-30,ULVR.L,-0.111291,0.006886,0.006343,0.003555,Unilever,stock,GBR,Consumer Staples,0.006886,0.009744,-0.119606,-0.090400
2024-09-30,UNG,-0.593825,-0.177257,0.000254,0.001042,Natural Gas,commodity,,Energy,-0.177257,-0.177257,-0.416567,-0.199633
2024-09-30,USO,-0.579192,0.027015,0.000280,0.004065,WTI Oil,commodity,,Energy,0.027015,0.018200,-0.601799,0.054777
2024-09-30,VALE,-0.523699,-0.077860,0.000406,0.002020,Vale,stock,BRA,Materials,-0.077860,-0.080786,-0.444376,0.008888
2024-09-30,WMT,-0.057395,0.089456,0.009086,0.006164,Walmart,stock,USA,Consumer Staples,0.089456,0.086008,-0.145127,0.288729
2024-09-30,XOM,-0.161502,0.032459,0.004539,0.004216,ExxonMobil,stock,USA,Energy,0.032459,0.041399,-0.198430,-0.003355
2024-10-30,2317.TW,-0.305843,0.023739,0.088335,0.189063,Hon Hai (Foxconn),stock,TWN,Technology,0.023739,0.016436,-0.325930,0.261711
2024-10-30,2330.TW,0.044279,0.242155,0.911665,0.810937,TSMC,stock,TWN,Technology,0.242155,0.241761,-0.197679,0.480852
2024-10-31,000660.KS,-0.166730,0.084597,0.003813,0.006188,SK Hynix,stock,KOR,Technology,0.084597,0.148911,-0.283483,2.029760
2024-10-31,005930.KS,0.173066,0.266462,0.036730,0.020802,Samsung Electronics,stock,KOR,Technology,0.266462,0.292680,-0.106505,0.858659
2024-10-31,0700.HK,0.010276,0.245868,0.012408,0.018133,Tencent,stock,CHN,Communication Services,0.245868,0.237463,-0.231390,0.568193
2024-10-31,1398.HK,-0.355673,-0.080229,0.001082,0.002062,ICBC,stock,CHN,Financials,-0.080229,-0.069724,-0.280696,0.370447
2024-10-31,6758.T,-0.031928,0.111497,0.009365,0.007403,Sony,stock,JPN,Technology,0.111497,0.202602,-0.188978,0.599455
2024-10-31,6861.T,0.182546,0.172645,0.039126,0.011129,Keyence,stock,JPN,Technology,0.172645,0.299746,-0.053649,-0.171445
2024-10-31,7203.T,-0.006914,0.116212,0.011064,0.007640,Toyota,stock,JPN,Consumer Discretionary,0.116212,0.198861,-0.164451,0.209179
2024-10-31,9984.T,-0.190979,-0.017448,0.003243,0.003134,SoftBank,stock,JPN,Communication Services,-0.017448,0.104264,-0.234387,1.860723
2024-10-31,9988.HK,-0.122570,0.115268,0.005118,0.007592,Alibaba,stock,CHN,Consumer Discretionary,0.115268,0.111676,-0.236042,0.749849
2024-10-31,AAPL,0.104276,0.286041,0.023220,0.023702,Apple,stock,USA,Technology,0.286041,0.320460,-0.198974,0.202374
2024-10-31,AIR.PA,-0.189455,0.162993,0.003277,0.010436,Airbus,stock,FRA,Industrials,0.162993,0.162993,-0.352448,0.556770
2024-10-31,ALV.DE,-0.031885,0.058466,0.009368,0.005199,Allianz,stock,DEU,Financials,0.058466,0.136546,-0.129390,0.255081
2024-10-31,AMAT,-0.092753,0.192022,0.006243,0.012664,Applied Materials,stock,USA,Technology,0.192022,0.170424,-0.273976,0.297089
2024-10-31,AMD,-0.184113,0.183595,0.003395,0.011972,Advanced Micro Devices,stock,USA,Technology,0.183595,0.161492,-0.356656,0.777747
2024-10-31,AMX,-0.247106,-0.008792,0.002231,0.003320,America Movil,stock,MEX,Communication Services,-0.008792,0.016616,-0.251018,0.492770
2024-10-31,ARGT,-0.388721,-0.090365,0.000868,0.001927,Argentina,country_etf,ARG,Broad Market,-0.090365,-0.076453,-0.305312,0.310360
2024-10-31,ASML,0.162731,0.264070,0.034285,0.020472,ASML,stock,NLD,Technology,0.264070,0.255098,-0.096853,0.589996
2024-10-31,AVGO,0.092791,0.243928,0.021508,0.017900,Broadcom,stock,USA,Technology,0.243928,0.293765,-0.176056,1.198594
2024-10-31,AZN,0.026931,0.164050,0.013865,0.010510,AstraZeneca,stock,GBR,Healthcare,0.164050,0.164050,-0.137120,0.182828
2024-10-31,BA,-0.263767,0.157966,0.001996,0.010092,Boeing,stock,USA,Industrials,0.157966,0.156630,-0.421065,0.346326
2024-10-31,BAC,-0.313063,-0.027823,0.001437,0.002925,Bank of America,stock,USA,Financials,-0.027823,-0.006059,-0.296122,0.308174
2024-10-31,BHP,-0.148204,0.110929,0.004314,0.007375,BHP Group,stock,AUS,Materials,0.110929,0.109580,-0.258459,0.049371
2024-10-31,BMW.DE,0.320046,0.390878,0.097853,0.047678,BMW,stock,DEU,Consumer Discretionary,0.390878,0.395754,-0.073271,0.176384
2024-10-31,CAT,-0.171035,0.113623,0.003705,0.007509,Caterpillar,stock,USA,Industrials,0.113623,0.117739,-0.286716,0.557622
2024-10-31,CBA.AX,-0.094362,0.036774,0.006176,0.004499,Commonwealth Bank,stock,AUS,Financials,0.036774,0.032387,-0.128942,0.238072
2024-10-31,CPER,-0.352733,-0.067862,0.001103,0.002239,Copper,commodity,,Industrial Metals,-0.067862,-0.041401,-0.298101,0.152412
2024-10-31,CVX,-0.153914,0.039206,0.004153,0.004572,Chevron,stock,USA,Energy,0.039206,0.034562,-0.190798,0.107872
2024-10-31,DBA,-0.353324,-0.092524,0.001099,0.001900,Agriculture,commodity,,Agriculture,-0.092524,-0.059657,-0.277233,0.076393
2024-10-31,ECH,-0.373474,-0.100156,0.000961,0.001806,Chile,country_etf,CHL,Broad Market,-0.100156,-0.097749,-0.274521,0.415191
2024-10-31,EDEN,-0.051362,0.131636,0.008227,0.008467,Denmark,country_etf,DNK,Broad Market,0.131636,0.141788,-0.188074,-0.075265
2024-10-31,EIDO,-0.304967,-0.078076,0.001517,0.002092,Indonesia,country_etf,IDN,Broad Market,-0.078076,-0.028868,-0.251495,-0.111882
2024-10-31,EIRL,-0.217410,0.014086,0.002719,0.003867,Ireland,country_etf,IRL,Broad Market,0.014086,0.033038,-0.240972,0.118633
2024-10-31,ENI.MI,-0.393171,-0.017738,0.000843,0.003128,ENI,stock,ITA,Energy,-0.017738,0.004739,-0.386671,0.222859
2024-10-31,EPHE,-0.368107,-0.105451,0.000996,0.001743,Philippines,country_etf,PHL,Broad Market,-0.105451,-0.090620,-0.270072,-0.084554
2024-10-31,EPOL,-0.329063,-0.084918,0.001292,0.001999,Poland,country_etf,POL,Broad Market,-0.084918,-0.074082,-0.249563,0.598999
2024-10-31,EWA,-0.135016,-0.002531,0.004710,0.003462,Australia,country_etf,AUS,Broad Market,-0.002531,-0.000555,-0.133473,0.090265
2024-10-31,EWC,-0.136605,0.005237,0.004660,0.003646,Canada,country_etf,CAN,Broad Market,0.005237,0.012292,-0.145370,0.273979
2024-10-31,EWD,-0.111897,0.034042,0.005495,0.004417,Sweden,country_etf,SWE,Broad Market,0.034042,0.034042,-0.145939,0.229451
2024-10-31,EWG,0.093914,0.141519,0.021670,0.009044,Germany,country_etf,DEU,Broad Market,0.141519,0.187309,-0.070500,0.281167
2024-10-31,EWH,-0.237368,0.024068,0.002381,0.004133,Hong Kong,country_etf,HKG,Broad Market,0.024068,0.005175,-0.251989,0.256887
2024-10-31,EWI,-0.358383,-0.118598,0.001062,0.001597,Italy,country_etf,ITA,Broad Market,-0.118598,-0.077155,-0.260507,0.407739
2024-10-31,EWJ,-0.111066,-0.016806,0.005526,0.003147,Japan,country_etf,JPN,Broad Market,-0.016806,0.012576,-0.108951,0.255172
2024-10-31,EWK,-0.190825,-0.026627,0.003247,0.002948,Belgium,country_etf,BEL,Broad Market,-0.026627,-0.017310,-0.168857,0.206990
2024-10-31,EWL,-0.107017,-0.001226,0.005677,0.003492,Switzerland,country_etf,CHE,Broad Market,-0.001226,0.013754,-0.113281,0.142958
2024-10-31,EWM,-0.329208,-0.087884,0.001291,0.001960,Malaysia,country_etf,MYS,Broad Market,-0.087884,-0.065795,-0.252368,0.091433
2024-10-31,EWN,-0.176099,-0.028420,0.003582,0.002913,Netherlands,country_etf,NLD,Broad Market,-0.028420,-0.033911,-0.144933,0.287883
2024-10-31,EWO,-0.101457,0.031438,0.005891,0.004341,Austria,country_etf,AUT,Broad Market,0.031438,0.100559,-0.167456,0.541238
2024-10-31,EWP,-0.362203,-0.100416,0.001036,0.001802,Spain,country_etf,ESP,Broad Market,-0.100416,-0.095897,-0.264046,0.534066
2024-10-31,EWQ,-0.182929,-0.026242,0.003422,0.002955,France,country_etf,FRA,Broad Market,-0.026242,-0.012011,-0.163802,0.203584
2024-10-31,EWS,-0.329119,-0.107582,0.001291,0.001718,Singapore,country_etf,SGP,Broad Market,-0.107582,-0.094218,-0.228219,0.391553
2024-10-31,EWT,-0.212119,0.017662,0.002817,0.003960,Taiwan,country_etf,TWN,Broad Market,0.017662,0.020770,-0.231335,0.269292
2024-10-31,EWU,-0.164215,-0.000983,0.003877,0.003498,United Kingdom,country_etf,GBR,Broad Market,-0.000983,0.005283,-0.166365,0.250481
2024-10-31,EWW,-0.058820,0.124780,0.007828,0.008089,Mexico,country_etf,MEX,Broad Market,0.124780,0.136317,-0.189369,0.345888
2024-10-31,EWY,-0.151180,0.017242,0.004229,0.003949,South Korea,country_etf,KOR,Broad Market,0.017242,0.047976,-0.183788,0.657811
2024-10-31,EWZ,-0.370807,0.014190,0.000978,0.003870,Brazil,country_etf,BRA,Broad Market,0.014190,0.014190,-0.384997,0.195815
2024-10-31,EZA,-0.305138,-0.050618,0.001515,0.002512,South Africa,country_etf,ZAF,Broad Market,-0.050618,-0.022486,-0.268586,0.375105
2024-10-31,FXI,-0.400372,-0.077127,0.000803,0.002105,China large cap,country_etf,CHN,Broad Market,-0.077127,-0.070068,-0.326775,0.295087
2024-10-31,GLD,-0.237846,-0.024218,0.002373,0.002996,Gold,commodity,,Precious Metals,-0.024218,-0.026869,-0.212302,0.452093
2024-10-31,HSBA.L,-0.267090,-0.026730,0.001953,0.002946,HSBC,stock,GBR,Financials,-0.026730,0.013167,-0.260309,0.495016
2024-10-31,INDA,-0.162851,0.007239,0.003912,0.003695,India,country_etf,IND,Broad Market,0.007239,0.023384,-0.178162,-0.008383
2024-10-31,INFY,-0.229170,0.043905,0.002514,0.004718,Infosys,stock,IND,Technology,0.043905,-0.018935,-0.241655,-0.184282
2024-10-31,INTC,0.247214,0.295153,0.060215,0.025186,Intel,stock,USA,Technology,0.295153,0.304412,-0.052568,0.858271
2024-10-31,ISP.MI,-0.531331,-0.167911,0.000335,0.001149,Intesa Sanpaolo,stock,ITA,Financials,-0.167911,-0.148663,-0.373044,0.533552
2024-10-31,ITUB,-0.433758,-0.004129,0.000643,0.003425,Itau Unibanco,stock,BRA,Financials,-0.004129,0.000712,-0.432050,0.451736
2024-10-31,JNJ,-0.054110,0.095850,0.008078,0.006670,Johnson & Johnson,stock,USA,Healthcare,0.095850,0.092401,-0.148235,0.219663
2024-10-31,JPM,-0.227612,0.038745,0.002541,0.004558,JPMorgan,stock,USA,Financials,0.038745,0.049459,-0.271714,0.431624
2024-10-31,KO,-0.027912,0.080525,0.009619,0.006022,Coca-Cola,stock,USA,Consumer Staples,0.080525,0.078838,-0.107594,0.086699
2024-10-31,MAERSK-B.CO,0.142618,0.325496,0.029982,0.030833,Maersk,stock,DNK,Industrials,0.325496,0.325496,-0.182878,0.358169
2024-10-31,MC.PA,0.076802,0.183001,0.019333,0.011925,LVMH,stock,FRA,Consumer Discretionary,0.183001,0.183001,-0.106199,0.028596
2024-10-31,MCHI,-0.298665,-0.050211,0.001582,0.002519,China broad,country_etf,CHN,Broad Market,-0.050211,-0.045421,-0.250850,0.328442
2024-10-31,MSFT,0.103639,0.257965,0.023121,0.019656,Microsoft,stock,USA,Technology,0.257965,0.242360,-0.146523,0.283862
2024-10-31,MU,-0.219031,0.151683,0.002690,0.009678,Micron,stock,USA,Technology,0.151683,0.111534,-0.350639,1.254935
2024-10-31,NESN.SW,0.064848,0.104559,0.017853,0.007069,Nestle,stock,CHE,Consumer Staples,0.104559,0.117246,-0.046054,-0.023769
2024-10-31,NOVN.SW,-0.028459,0.058330,0.009584,0.005194,Novartis,stock,CHE,Healthcare,0.058330,0.075912,-0.095581,0.096159
2024-10-31,NOVO-B.CO,0.155728,0.322689,0.032721,0.030261,Novo Nordisk,stock,DNK,Healthcare,0.322689,0.329019,-0.170126,-0.574124
2024-10-31,NVDA,0.008358,0.356900,0.012250,0.038014,NVIDIA,stock,USA,Technology,0.356900,0.379492,-0.359838,0.525671
2024-10-31,OR.PA,0.143999,0.201933,0.030260,0.013529,L'Oreal,stock,FRA,Consumer Staples,0.201933,0.201933,-0.057934,0.072539
2024-10-31,PBR,-0.599342,-0.082746,0.000213,0.002028,Petrobras,stock,BRA,Energy,-0.082746,-0.083573,-0.516183,0.000814
2024-10-31,PFE,-0.119482,0.077787,0.005224,0.005913,Pfizer,stock,USA,Healthcare,0.077787,0.077787,-0.197269,-0.067857
2024-10-31,PG,-0.071809,0.043354,0.007179,0.004700,Procter & Gamble,stock,USA,Consumer Staples,0.043354,0.052294,-0.119633,-0.065609
2024-10-31,QCOM,-0.038440,0.168979,0.008967,0.010861,Qualcomm,stock,USA,Technology,0.168979,0.161244,-0.203552,0.136399
2024-10-31,QQQ,-0.041824,0.113683,0.008767,0.007512,USA tech,country_etf,USA,Broad Market,0.113683,0.119169,-0.158250,0.307151
2024-10-31,RELIANCE.NS,-0.000993,0.154137,0.011510,0.009837,Reliance,stock,IND,Energy,0.154137,0.164805,-0.160464,0.120331
2024-10-31,ROG.SW,-0.081346,0.059786,0.006736,0.005245,Roche,stock,CHE,Healthcare,0.059786,0.072775,-0.147626,-0.001634
2024-10-31,RY,-0.138567,0.044090,0.004600,0.004723,Royal Bank of Canada,stock,CAN,Financials,0.044090,0.049552,-0.185389,0.243784
2024-10-31,SAP,0.127728,0.204066,0.027149,0.013723,SAP SE,stock,DEU,Technology,0.204066,0.220280,-0.084445,0.122928
2024-10-31,SHEL,-0.217645,0.009320,0.002715,0.003746,Shell,stock,GBR,Energy,0.009320,0.026015,-0.235313,0.156430
2024-10-31,SHELL.AS,-0.654493,-0.213549,0.000148,0.000848,Shell (NL),stock,NLD,Energy,-0.213549,-0.191165,-0.452136,0.102878
2024-10-31,SHOP,0.261810,0.617799,0.066369,0.216431,Shopify,stock,CAN,Technology,0.617799,0.448239,-0.271210,1.222989
2024-10-31,SIE.DE,0.248339,0.329368,0.060668,0.031639,Siemens,stock,DEU,Industrials,0.329368,0.329368,-0.081030,0.408605
2024-10-31,SLV,-0.433835,-0.039952,0.000642,0.002697,Silver,commodity,,Precious Metals,-0.039952,-0.101495,-0.363111,0.476350
2024-10-31,SPY,-0.038742,0.123172,0.008949,0.008003,USA broad market,country_etf,USA,Broad Market,0.123172,0.126497,-0.163577,0.214041
2024-10-31,TCS.NS,0.019800,0.180334,0.013221,0.011715,Tata Consultancy,stock,IND,Technology,0.180334,0.123239,-0.131986,-0.202618
2024-10-31,THD,-0.304138,-0.064842,0.001525,0.002285,Thailand,country_etf,THA,Broad Market,-0.064842,-0.044014,-0.249710,-0.050431
2024-10-31,TTE,-0.278212,-0.015112,0.001813,0.003183,TotalEnergies,stock,FRA,Energy,-0.015112,0.001889,-0.271601,0.057085
2024-10-31,TUR,-0.389955,-0.022991,0.000861,0.003020,Turkey,country_etf,TUR,Broad Market,-0.022991,-0.022991,-0.366964,0.038562
2024-10-31,ULVR.L,-0.092604,0.024039,0.006249,0.004132,Unilever,stock,GBR,Consumer Staples,0.024039,0.026897,-0.118073,-0.029467
2024-10-31,UNG,-0.349506,0.099329,0.001127,0.006826,Natural Gas,commodity,,Energy,0.099329,0.099329,-0.448835,0.042486
2024-10-31,USO,-0.525544,0.030654,0.000349,0.004319,WTI Oil,commodity,,Energy,0.030654,0.043226,-0.562484,-0.007116
2024-10-31,VALE,-0.481882,-0.037993,0.000466,0.002733,Vale,stock,BRA,Materials,-0.037993,-0.042655,-0.441558,0.226022
2024-10-31,WMT,-0.055928,0.089757,0.007980,0.006404,Walmart,stock,USA,Consumer Staples,0.089757,0.086308,-0.143960,0.246694
2024-10-31,XOM,-0.182801,0.011518,0.003425,0.003802,ExxonMobil,stock,USA,Energy,0.011518,0.020387,-0.198754,0.014685
2024-11-29,000660.KS,-0.073458,0.132400,0.007051,0.009359,SK Hynix,stock,KOR,Technology,0.132400,0.215165,-0.247241,2.349250
2024-11-29,005930.KS,0.149464,0.274552,0.031166,0.024143,Samsung Electronics,stock,KOR,Technology,0.274552,0.298070,-0.136848,0.897928
2024-11-29,0700.HK,0.075901,0.288340,0.019085,0.026467,Tencent,stock,CHN,Communication Services,0.288340,0.274706,-0.205622,0.549844
2024-11-29,1398.HK,-0.349554,-0.083192,0.001119,0.002223,ICBC,stock,CHN,Financials,-0.083192,-0.054523,-0.280696,0.498210
2024-11-29,2317.TW,-0.239967,0.053930,0.002324,0.005547,Hon Hai (Foxconn),stock,TWN,Technology,0.053930,0.065576,-0.299720,0.195344
2024-11-29,2330.TW,0.055863,0.234903,0.016699,0.018535,TSMC,stock,TWN,Technology,0.234903,0.265022,-0.194099,0.470147
2024-11-29,6758.T,-0.075995,0.065912,0.006933,0.006008,Sony,stock,JPN,Technology,0.065912,0.151648,-0.184775,0.529919
2024-11-29,6861.T,0.218382,0.217209,0.049342,0.016473,Keyence,stock,JPN,Technology,0.217209,0.327490,-0.053968,-0.172533
2024-11-29,7203.T,0.061480,0.150762,0.017336,0.010577,Toyota,stock,JPN,Consumer Discretionary,0.150762,0.235416,-0.131609,0.269236
2024-11-29,9984.T,-0.193149,-0.006531,0.003175,0.003707,SoftBank,stock,JPN,Communication Services,-0.006531,0.110372,-0.245069,0.890218
2024-11-29,9988.HK,0.000497,0.172623,0.011545,0.012237,Alibaba,stock,CHN,Consumer Discretionary,0.172623,0.174212,-0.172920,0.814937
2024-11-29,AAPL,0.118870,0.289196,0.025416,0.026619,Apple,stock,USA,Technology,0.289196,0.308342,-0.179899,0.180260
2024-11-29,AIR.PA,-0.201133,0.161802,0.003010,0.011385,Airbus,stock,FRA,Industrials,0.161802,0.161802,-0.362936,0.416683
2024-11-29,ALV.DE,-0.029457,0.057835,0.009455,0.005693,Allianz,stock,DEU,Financials,0.057835,0.136392,-0.126571,0.329090
2024-11-29,AMAT,-0.113142,0.142776,0.005412,0.010029,Applied Materials,stock,USA,Technology,0.142776,0.127821,-0.248441,0.458274
2024-11-29,AMD,-0.298659,0.152254,0.001571,0.010683,Advanced Micro Devices,stock,USA,Technology,0.152254,0.134766,-0.442169,0.585727
2024-11-29,AMX,-0.201746,0.036260,0.002998,0.004930,America Movil,stock,MEX,Communication Services,0.036260,0.059465,-0.249608,0.581148
2024-11-29,ARGT,-0.447356,-0.148438,0.000583,0.001439,Argentina,country_etf,ARG,Broad Market,-0.148438,-0.135649,-0.305312,0.129234
2024-11-29,ASML,0.138177,0.266684,0.028907,0.022909,ASML,stock,NLD,Technology,0.266684,0.257870,-0.124100,0.558569
2024-11-29,AVGO,0.054978,0.211197,0.016600,0.015826,Broadcom,stock,USA,Technology,0.211197,0.258200,-0.179721,1.510564
2024-11-29,AZN,0.079548,0.194823,0.019555,0.014189,AstraZeneca,stock,GBR,Healthcare,0.194823,0.194823,-0.115275,0.400450
2024-11-29,BA,-0.218975,0.167359,0.002673,0.011815,Boeing,stock,USA,Industrials,0.167359,0.167359,-0.386334,0.215903
2024-11-29,BAC,-0.344486,-0.061259,0.001158,0.002573,Bank of America,stock,USA,Financials,-0.061259,-0.026188,-0.300762,0.155811
2024-11-29,BHP,-0.152336,0.106438,0.004168,0.007871,BHP Group,stock,AUS,Materials,0.106438,0.105090,-0.258100,0.060426
2024-11-29,BMW.DE,0.311611,0.367651,0.091865,0.044909,BMW,stock,DEU,Consumer Discretionary,0.367651,0.405233,-0.074831,0.325209
2024-11-29,CAT,-0.189809,0.101434,0.003246,0.007613,Caterpillar,stock,USA,Industrials,0.101434,0.107819,-0.294435,0.439154
2024-11-29,CBA.AX,-0.108696,0.018535,0.005575,0.004381,Commonwealth Bank,stock,AUS,Financials,0.018535,0.011438,-0.123682,-0.009730
2024-11-29,CPER,-0.355320,-0.024543,0.001077,0.003287,Copper,commodity,,Industrial Metals,-0.024543,-0.027467,-0.329315,0.251163
2024-11-29,CVX,-0.188016,0.002831,0.003285,0.003945,Chevron,stock,USA,Energy,0.002831,0.009362,-0.194113,-0.023430
2024-11-29,DBA,-0.366757,-0.095033,0.000998,0.002055,Agriculture,commodity,,Agriculture,-0.095033,-0.067146,-0.285667,0.027656
2024-11-29,ECH,-0.364817,-0.102576,0.001011,0.001954,Chile,country_etf,CHL,Broad Market,-0.102576,-0.093153,-0.266953,0.530727
2024-11-29,EDEN,0.087293,0.222179,0.020591,0.017028,Denmark,country_etf,DNK,Broad Market,0.222179,0.230391,-0.138992,-0.010412
2024-11-29,EIDO,-0.243956,-0.006610,0.002263,0.003705,Indonesia,country_etf,IDN,Broad Market,-0.006610,0.022411,-0.251856,-0.021336
2024-11-29,EIRL,-0.124290,0.086681,0.005024,0.006900,Ireland,country_etf,IRL,Broad Market,0.086681,0.107118,-0.221190,0.244341
2024-11-29,ENI.MI,-0.391270,-0.015873,0.000847,0.003483,ENI,stock,ITA,Energy,-0.015873,0.006676,-0.386671,0.291127
2024-11-29,EPHE,-0.314271,-0.055097,0.001416,0.002681,Philippines,country_etf,PHL,Broad Market,-0.055097,-0.040266,-0.266589,0.002312
2024-11-29,EPOL,-0.305631,-0.069054,0.001500,0.002443,Poland,country_etf,POL,Broad Market,-0.069054,-0.047494,-0.247357,0.628513
2024-11-29,EWA,-0.123473,0.003414,0.005052,0.003961,Australia,country_etf,AUS,Broad Market,0.003414,0.009832,-0.130096,0.009776
2024-11-29,EWC,-0.139868,-0.005442,0.004529,0.003734,Canada,country_etf,CAN,Broad Market,-0.005442,0.005799,-0.140047,0.243034
2024-11-29,EWD,-0.094124,0.032820,0.006144,0.004818,Sweden,country_etf,SWE,Broad Market,0.032820,0.027106,-0.124087,0.267405
2024-11-29,EWG,0.123453,0.152427,0.026204,0.010696,Germany,country_etf,DEU,Broad Market,0.152427,0.201117,-0.053319,0.289138
2024-11-29,EWH,-0.197662,0.060623,0.003081,0.005800,Hong Kong,country_etf,HKG,Broad Market,0.060623,0.047383,-0.251665,0.329729
2024-11-29,EWI,-0.348281,-0.124942,0.001129,0.001683,Italy,country_etf,ITA,Broad Market,-0.124942,-0.079745,-0.245938,0.504657
2024-11-29,EWJ,-0.098421,-0.004415,0.005970,0.003759,Japan,country_etf,JPN,Broad Market,-0.004415,0.024591,-0.108509,0.219531
2024-11-29,EWK,-0.145121,0.012688,0.004373,0.004213,Belgium,country_etf,BEL,Broad Market,0.012688,0.026151,-0.164540,0.299195
2024-11-29,EWL,-0.050224,0.048037,0.008232,0.005333,Switzerland,country_etf,CHE,Broad Market,0.048037,0.069204,-0.108844,0.222482
2024-11-29,EWM,-0.314966,-0.081049,0.001409,0.002255,Malaysia,country_etf,MYS,Broad Market,-0.081049,-0.056798,-0.246042,0.117282
2024-11-29,EWN,-0.114811,0.009699,0.005352,0.004130,Netherlands,country_etf,NLD,Broad Market,0.009699,0.003910,-0.121616,0.304839
2024-11-29,EWO,-0.038100,0.095906,0.008925,0.007338,Austria,country_etf,AUT,Broad Market,0.095906,0.162278,-0.167192,0.654753
2024-11-29,EWP,-0.341746,-0.110010,0.001179,0.001859,Spain,country_etf,ESP,Broad Market,-0.110010,-0.078547,-0.247467,0.637058
2024-11-29,EWQ,-0.140549,0.019957,0.004508,0.004422,France,country_etf,FRA,Broad Market,0.019957,0.031875,-0.166465,0.266943
2024-11-29,EWS,-0.357788,-0.132103,0.001059,0.001605,Singapore,country_etf,SGP,Broad Market,-0.132103,-0.119301,-0.232087,0.304922
2024-11-29,EWT,-0.094705,0.062136,0.006120,0.005858,Taiwan,country_etf,TWN,Broad Market,0.062136,0.089915,-0.170730,0.253271
2024-11-29,EWU,-0.150173,0.004953,0.004228,0.004001,United Kingdom,country_etf,GBR,Broad Market,0.004953,0.013858,-0.159578,0.255717
2024-11-29,EWW,-0.033950,0.108546,0.009176,0.007983,Mexico,country_etf,MEX,Broad Market,0.108546,0.137487,-0.156966,0.429553
2024-11-29,EWY,-0.071307,0.089919,0.007153,0.007051,South Korea,country_etf,KOR,Broad Market,0.089919,0.124435,-0.178483,0.620110
2024-11-29,EWZ,-0.286720,0.093372,0.001701,0.007215,Brazil,country_etf,BRA,Broad Market,0.093372,0.096986,-0.381899,0.403613
2024-11-29,EZA,-0.287505,-0.050447,0.001692,0.002766,South Africa,country_etf,ZAF,Broad Market,-0.050447,-0.022315,-0.251124,0.497079
2024-11-29,FXI,-0.341978,-0.063481,0.001177,0.002536,China large cap,country_etf,CHN,Broad Market,-0.063481,-0.058691,-0.280892,0.342385
2024-11-29,GLD,-0.219606,-0.025155,0.002661,0.003274,Gold,commodity,,Precious Metals,-0.025155,0.000506,-0.207282,0.579380
2024-11-29,HSBA.L,-0.254791,-0.017403,0.002105,0.003447,HSBC,stock,GBR,Financials,-0.017403,0.029996,-0.261088,0.461396
2024-11-29,INDA,-0.138351,0.012502,0.004575,0.004208,India,country_etf,IND,Broad Market,0.012502,0.030736,-0.159970,0.005948
2024-11-29,INFY,-0.229865,0.049351,0.002485,0.005380,Infosys,stock,IND,Technology,0.049351,-0.015863,-0.246609,-0.184712
2024-11-29,INTC,0.120442,0.217758,0.025684,0.016533,Intel,stock,USA,Technology,0.217758,0.190000,-0.083437,0.686487
2024-11-29,ISP.MI,-0.586680,-0.232404,0.000230,0.000822,Intesa Sanpaolo,stock,ITA,Financials,-0.232404,-0.195915,-0.372520,0.649522
2024-11-29,ITUB,-0.383178,0.050285,0.000894,0.005413,Itau Unibanco,stock,BRA,Financials,0.050285,0.045623,-0.431132,0.736423
2024-11-29,JNJ,-0.034154,0.114663,0.009163,0.008315,Johnson & Johnson,stock,USA,Healthcare,0.114663,0.112976,-0.147973,0.375743
2024-11-29,JPM,-0.260979,0.014914,0.002020,0.004276,JPMorgan,stock,USA,Financials,0.014914,0.029483,-0.283177,0.280264
2024-11-29,KO,-0.022561,0.088108,0.009900,0.006966,Coca-Cola,stock,USA,Consumer Staples,0.088108,0.081775,-0.107503,0.166546
2024-11-29,MAERSK-B.CO,0.098973,0.284056,0.022259,0.025722,Maersk,stock,DNK,Industrials,0.284056,0.284056,-0.185082,0.180879
2024-11-29,MC.PA,0.085856,0.192317,0.020395,0.013954,LVMH,stock,FRA,Consumer Discretionary,0.192317,0.192317,-0.106460,0.099100
2024-11-29,MCHI,-0.274627,-0.024466,0.001844,0.003289,China broad,country_etf,CHN,Broad Market,-0.024466,-0.018519,-0.253134,0.352827
2024-11-29,MSFT,0.101623,0.247549,0.022655,0.020165,Microsoft,stock,USA,Technology,0.247549,0.243835,-0.144069,0.170452
2024-11-29,MU,-0.204650,0.134386,0.002940,0.009483,Micron,stock,USA,Technology,0.134386,0.100374,-0.322030,1.424373
2024-11-29,NESN.SW,0.102828,0.139643,0.022838,0.009822,Nestle,stock,CHE,Consumer Staples,0.139643,0.152850,-0.043419,0.081287
2024-11-29,NOVN.SW,-0.029240,0.057847,0.009469,0.005693,Novartis,stock,CHE,Healthcare,0.057847,0.075358,-0.095842,0.160245
2024-11-29,NOVO-B.CO,0.164433,0.335232,0.034437,0.036181,Novo Nordisk,stock,DNK,Healthcare,0.335232,0.341563,-0.173965,-0.569436
2024-11-29,NVDA,-0.115378,0.219000,0.005332,0.016671,NVIDIA,stock,USA,Technology,0.219000,0.251598,-0.350677,0.280656
2024-11-29,OR.PA,0.161748,0.212035,0.033826,0.015914,L'Oreal,stock,FRA,Consumer Staples,0.212035,0.212008,-0.050274,0.163567
2024-11-29,PBR,-0.632141,-0.114110,0.000170,0.001809,Petrobras,stock,BRA,Energy,-0.114110,-0.118772,-0.515700,0.015529
2024-11-29,PFE,-0.107494,0.087582,0.005620,0.006942,Pfizer,stock,USA,Healthcare,0.087582,0.087582,-0.195076,0.053126
2024-11-29,PG,-0.109586,0.017284,0.005542,0.004344,Procter & Gamble,stock,USA,Consumer Staples,0.017284,0.023129,-0.129792,-0.151654
2024-11-29,QCOM,-0.041324,0.158950,0.008736,0.011171,Qualcomm,stock,USA,Technology,0.158950,0.139028,-0.190314,0.084170
2024-11-29,QQQ,-0.042458,0.112380,0.008670,0.008189,USA tech,country_etf,USA,Broad Market,0.112380,0.120897,-0.159097,0.221391
2024-11-29,RELIANCE.NS,0.013530,0.163261,0.012593,0.011497,Reliance,stock,IND,Energy,0.163261,0.173929,-0.155064,0.217892
2024-11-29,ROG.SW,-0.037993,0.108947,0.008932,0.008004,Roche,stock,CHE,Healthcare,0.108947,0.119667,-0.152300,0.242921
2024-11-29,RY,-0.125845,0.046237,0.004973,0.005269,Royal Bank of Canada,stock,CAN,Financials,0.046237,0.050914,-0.174420,0.258463
2024-11-29,SAP,0.081314,0.128817,0.019787,0.009138,SAP SE,stock,DEU,Technology,0.128817,0.197322,-0.081755,0.026666
2024-11-29,SHEL,-0.205402,0.021168,0.002926,0.004458,Shell,stock,GBR,Energy,0.021168,0.037935,-0.234953,0.186871
2024-11-29,SHELL.AS,-0.616669,-0.214287,0.000189,0.000928,Shell (NL),stock,NLD,Energy,-0.214287,-0.191903,-0.413574,0.085454
2024-11-29,SHOP,0.176243,0.537089,0.037258,0.138967,Shopify,stock,CAN,Technology,0.537089,0.483306,-0.333954,0.372318
2024-11-29,SIE.DE,0.254484,0.293767,0.062769,0.027442,Siemens,stock,DEU,Industrials,0.293767,0.338494,-0.061646,0.275615
2024-11-29,SLV,-0.339743,-0.000221,0.001195,0.003866,Silver,commodity,,Precious Metals,-0.000221,-0.029379,-0.324943,0.834169
2024-11-29,SPY,-0.053107,0.114351,0.008076,0.008298,USA broad market,country_etf,USA,Broad Market,0.114351,0.112463,-0.166514,0.147952
2024-11-29,TCS.NS,-0.032167,0.140221,0.009286,0.009860,Tata Consultancy,stock,IND,Technology,0.140221,0.080320,-0.142438,-0.239815
2024-11-29,THD,-0.263513,-0.025957,0.001986,0.003256,Thailand,country_etf,THA,Broad Market,-0.025957,-0.000245,-0.250412,-0.035761
2024-11-29,TTE,-0.215814,0.020300,0.002730,0.004433,TotalEnergies,stock,FRA,Energy,0.020300,0.029710,-0.240819,0.203786
2024-11-29,TUR,-0.443999,-0.060833,0.000596,0.002581,Turkey,country_etf,TUR,Broad Market,-0.060833,-0.060833,-0.383166,-0.063871
2024-11-29,ULVR.L,-0.107920,0.016933,0.005604,0.004334,Unilever,stock,GBR,Consumer Staples,0.016933,0.019719,-0.126246,-0.033051
2024-11-29,UNG,-0.643403,-0.170502,0.000158,0.001242,Natural Gas,commodity,,Energy,-0.170502,-0.170502,-0.472901,0.020790
2024-11-29,USO,-0.505837,0.021679,0.000395,0.004473,WTI Oil,commodity,,Energy,0.021679,0.020723,-0.527038,-0.007541
2024-11-29,VALE,-0.434265,0.009973,0.000636,0.004138,Vale,stock,BRA,Materials,0.009973,0.009973,-0.444238,0.387695
2024-11-29,WMT,-0.058688,0.091527,0.007781,0.007127,Walmart,stock,USA,Consumer Staples,0.091527,0.087129,-0.148016,0.206352
2024-11-29,XOM,-0.186842,0.007477,0.003311,0.004069,ExxonMobil,stock,USA,Energy,0.007477,0.016346,-0.198754,0.018773
2024-12-30,000660.KS,-0.098270,0.107845,0.017102,0.035845,SK Hynix,stock,KOR,Technology,0.107845,0.198255,-0.251321,2.782697
2024-12-30,005930.KS,0.129253,0.249254,0.077945,0.092014,Samsung Electronics,stock,KOR,Technology,0.249254,0.284973,-0.137861,1.302371
2024-12-30,6758.T,-0.119876,0.047574,0.014808,0.023985,Sony,stock,JPN,Technology,0.047574,0.119949,-0.203638,0.201069
2024-12-30,6861.T,0.219022,0.218871,0.141807,0.075143,Keyence,stock,JPN,Technology,0.218871,0.327633,-0.054229,-0.116181
2024-12-30,7203.T,-0.070751,0.035655,0.020546,0.022152,Toyota,stock,JPN,Consumer Discretionary,0.035655,0.125029,-0.151093,0.102658
2024-12-30,9984.T,-0.117411,0.057627,0.015053,0.025647,SoftBank,stock,JPN,Communication Services,0.057627,0.167481,-0.229966,0.923683
2024-12-30,ALV.DE,-0.023477,0.062875,0.028157,0.026560,Allianz,stock,DEU,Financials,0.062875,0.141432,-0.125631,0.376631
2024-12-30,BMW.DE,0.269381,0.326251,0.198380,0.153739,BMW,stock,DEU,Consumer Discretionary,0.326251,0.327987,-0.057738,0.242927
2024-12-30,ENI.MI,-0.376027,-0.000631,0.002684,0.017393,ENI,stock,ITA,Energy,-0.000631,0.021919,-0.386671,0.322951
2024-12-30,ISP.MI,-0.590314,-0.222574,0.000643,0.003961,Intesa Sanpaolo,stock,ITA,Financials,-0.222574,-0.189332,-0.384360,0.641629
2024-12-30,MAERSK-B.CO,0.115785,0.299592,0.071251,0.128706,Maersk,stock,DNK,Industrials,0.299592,0.298256,-0.183139,0.350658
2024-12-30,NESN.SW,0.098387,0.136762,0.063448,0.043467,Nestle,stock,CHE,Consumer Staples,0.136762,0.149969,-0.044979,0.089312
2024-12-30,NOVN.SW,0.001311,0.078862,0.033217,0.029547,Novartis,stock,CHE,Healthcare,0.078862,0.103874,-0.090057,0.279809
2024-12-30,NOVO-B.CO,0.197176,0.347383,0.122587,0.176998,Novo Nordisk,stock,DNK,Healthcare,0.347383,0.345168,-0.149100,-0.464031
2024-12-30,ROG.SW,-0.051173,0.094563,0.023410,0.032808,Roche,stock,CHE,Healthcare,0.094563,0.107045,-0.151977,0.327022
2024-12-30,SIE.DE,0.245304,0.278785,0.168962,0.112036,Siemens,stock,DEU,Industrials,0.278785,0.324576,-0.056376,0.290851
2024-12-31,0700.HK,0.067016,0.285110,0.021663,0.027820,Tencent,stock,CHN,Communication Services,0.285110,0.271476,-0.211277,0.441729
2024-12-31,1398.HK,-0.425556,-0.132487,0.000812,0.001719,ICBC,stock,CHN,Financials,-0.132487,-0.104122,-0.307252,0.306428
2024-12-31,2317.TW,-0.194479,0.112301,0.003790,0.008791,Hon Hai (Foxconn),stock,TWN,Technology,0.112301,0.119893,-0.310576,0.284133
2024-12-31,2330.TW,0.015755,0.222817,0.015392,0.018366,TSMC,stock,TWN,Technology,0.222817,0.194978,-0.193143,0.437052
2024-12-31,9988.HK,0.038503,0.227449,0.017913,0.018942,Alibaba,stock,CHN,Consumer Discretionary,0.227449,0.239952,-0.195197,0.747794
2024-12-31,AAPL,0.112420,0.270992,0.029321,0.025321,Apple,stock,USA,Technology,0.270992,0.318255,-0.182204,0.095420
2024-12-31,AIR.PA,-0.202011,0.165180,0.003604,0.012506,Airbus,stock,FRA,Industrials,0.165180,0.165180,-0.367191,0.314200
2024-12-31,AMAT,-0.105409,0.155557,0.006863,0.011729,Applied Materials,stock,USA,Technology,0.155557,0.146157,-0.256266,0.614538
2024-12-31,AMD,-0.239883,0.217293,0.002800,0.017702,Advanced Micro Devices,stock,USA,Technology,0.217293,0.213374,-0.455216,0.782763
2024-12-31,AMX,-0.127328,0.090879,0.005930,0.007621,America Movil,stock,MEX,Communication Services,0.090879,0.114084,-0.229810,0.481701
2024-12-31,ARGT,-0.481699,-0.185870,0.000559,0.001204,Argentina,country_etf,ARG,Broad Market,-0.185870,-0.174817,-0.301355,0.115698
2024-12-31,ASML,0.154587,0.283094,0.038839,0.027449,ASML,stock,NLD,Technology,0.283094,0.274279,-0.124100,0.561703
2024-12-31,AVGO,0.008436,0.173760,0.014659,0.013242,Broadcom,stock,USA,Technology,0.173760,0.175990,-0.166439,0.522651
2024-12-31,AZN,0.075555,0.182917,0.022932,0.014076,AstraZeneca,stock,GBR,Healthcare,0.182917,0.182917,-0.107362,0.442063
2024-12-31,BA,-0.252605,0.121119,0.002572,0.009323,Boeing,stock,USA,Industrials,0.121119,0.121119,-0.373724,0.234463
2024-12-31,BAC,-0.286693,-0.005780,0.002049,0.004001,Bank of America,stock,USA,Financials,-0.005780,0.004422,-0.286014,0.286924
2024-12-31,BHP,-0.112373,0.162387,0.006551,0.012276,BHP Group,stock,AUS,Materials,0.162387,0.162387,-0.274761,0.272701
2024-12-31,CAT,-0.152202,0.121657,0.005024,0.009357,Caterpillar,stock,USA,Industrials,0.121657,0.121657,-0.273860,0.615694
2024-12-31,CBA.AX,-0.061872,0.054405,0.009174,0.005976,Commonwealth Bank,stock,AUS,Financials,0.054405,0.048257,-0.113203,0.083704
2024-12-31,CPER,-0.367390,-0.031763,0.001197,0.003364,Copper,commodity,,Industrial Metals,-0.031763,-0.036450,-0.333283,0.401033
2024-12-31,CVX,-0.182339,0.035160,0.004109,0.005256,Chevron,stock,USA,Energy,0.035160,0.043219,-0.221528,0.100322
2024-12-31,DBA,-0.404051,-0.122764,0.000937,0.001834,Agriculture,commodity,,Agriculture,-0.122764,-0.111597,-0.286871,-0.003679
2024-12-31,ECH,-0.362645,-0.106327,0.001235,0.002047,Chile,country_etf,CHL,Broad Market,-0.106327,-0.094155,-0.262405,0.659828
2024-12-31,EDEN,0.129238,0.272782,0.032800,0.025625,Denmark,country_etf,DNK,Broad Market,0.272782,0.292569,-0.153438,0.109850
2024-12-31,EIDO,-0.178743,0.063258,0.004209,0.006339,Indonesia,country_etf,IDN,Broad Market,0.063258,0.081432,-0.251088,0.047353
2024-12-31,EIRL,-0.130644,0.082264,0.005800,0.007196,Ireland,country_etf,IRL,Broad Market,0.082264,0.095492,-0.219522,0.290982
2024-12-31,EPHE,-0.226967,0.024931,0.003052,0.004910,Philippines,country_etf,PHL,Broad Market,0.024931,0.038223,-0.258545,0.021285
2024-12-31,EPOL,-0.278940,-0.049457,0.002158,0.002990,Poland,country_etf,POL,Broad Market,-0.049457,-0.027897,-0.240263,0.771861
2024-12-31,EWA,-0.022837,0.096018,0.011901,0.007887,Australia,country_etf,AUS,Broad Market,0.096018,0.101672,-0.121682,0.143034
2024-12-31,EWC,-0.101252,0.018310,0.007056,0.004698,Canada,country_etf,CAN,Broad Market,0.018310,0.026539,-0.123676,0.368524
2024-12-31,EWD,-0.011537,0.099601,0.012832,0.008077,Sweden,country_etf,SWE,Broad Market,0.099601,0.092124,-0.107400,0.374309
2024-12-31,EWG,0.124395,0.153285,0.031758,0.011553,Germany,country_etf,DEU,Broad Market,0.153285,0.201497,-0.052996,0.365836
2024-12-31,EWH,-0.191112,0.070684,0.003876,0.006661,Hong Kong,country_etf,HKG,Broad Market,0.070684,0.044257,-0.248582,0.362720
2024-12-31,EWI,-0.342092,-0.118368,0.001417,0.001889,Italy,country_etf,ITA,Broad Market,-0.118368,-0.072693,-0.246561,0.564629
2024-12-31,EWJ,-0.095610,-0.001640,0.007326,0.004113,Japan,country_etf,JPN,Broad Market,-0.001640,0.027437,-0.108509,0.262147
2024-12-31,EWK,-0.131271,0.031518,0.005776,0.005130,Belgium,country_etf,BEL,Broad Market,0.031518,0.042233,-0.168147,0.354481
2024-12-31,EWL,0.031483,0.125224,0.017094,0.009582,Switzerland,country_etf,CHE,Broad Market,0.125224,0.147822,-0.105040,0.333894
2024-12-31,EWM,-0.319792,-0.087431,0.001644,0.002321,Malaysia,country_etf,MYS,Broad Market,-0.087431,-0.063180,-0.244487,0.166265
2024-12-31,EWN,-0.083760,0.040750,0.007928,0.005456,Netherlands,country_etf,NLD,Broad Market,0.040750,0.034961,-0.121616,0.353393
2024-12-31,EWO,-0.057916,0.068738,0.009419,0.006575,Austria,country_etf,AUT,Broad Market,0.068738,0.138336,-0.161453,0.742441
2024-12-31,EWP,-0.284942,-0.043576,0.002073,0.003110,Spain,country_etf,ESP,Broad Market,-0.043576,-0.030129,-0.248090,0.786878
2024-12-31,EWQ,-0.118274,0.042614,0.006299,0.005524,France,country_etf,FRA,Broad Market,0.042614,0.055009,-0.167085,0.293270
2024-12-31,EWS,-0.348947,-0.133817,0.001353,0.001704,Singapore,country_etf,SGP,Broad Market,-0.133817,-0.100960,-0.231559,0.324522
2024-12-31,EWT,-0.100296,0.037596,0.007101,0.005342,Taiwan,country_etf,TWN,Broad Market,0.037596,0.060476,-0.149332,0.287423
2024-12-31,EWU,-0.126177,0.035650,0.005976,0.005274,United Kingdom,country_etf,GBR,Broad Market,0.035650,0.044078,-0.166041,0.356843
2024-12-31,EWW,-0.039318,0.088804,0.010662,0.007516,Mexico,country_etf,MEX,Broad Market,0.088804,0.145896,-0.156667,0.539990
2024-12-31,EWY,-0.010560,0.144988,0.012916,0.010931,South Korea,country_etf,KOR,Broad Market,0.144988,0.177660,-0.171884,0.981431
2024-12-31,EWZ,-0.201833,0.154132,0.003608,0.011618,Brazil,country_etf,BRA,Broad Market,0.154132,0.155405,-0.356602,0.498366
2024-12-31,EZA,-0.168816,0.056077,0.004497,0.006043,South Africa,country_etf,ZAF,Broad Market,0.056077,0.073705,-0.233707,0.762958
2024-12-31,FXI,-0.381189,-0.105580,0.001092,0.002057,China large cap,country_etf,CHN,Broad Market,-0.105580,-0.098521,-0.279138,0.302278
2024-12-31,GLD,-0.230787,-0.015674,0.002975,0.003745,Gold,commodity,,Precious Metals,-0.015674,-0.033742,-0.206079,0.647421
2024-12-31,HSBA.L,-0.255874,-0.033976,0.002517,0.003315,HSBC,stock,GBR,Financials,-0.033976,0.003936,-0.240854,0.497798
2024-12-31,INDA,-0.054124,0.091381,0.009660,0.007646,India,country_etf,IND,Broad Market,0.091381,0.107924,-0.153777,0.018997
2024-12-31,INFY,-0.189308,0.056344,0.003923,0.006054,Infosys,stock,IND,Technology,0.056344,-0.007052,-0.213954,-0.152835
2024-12-31,INTC,0.397011,0.490231,0.195505,0.109206,Intel,stock,USA,Technology,0.490231,0.463030,-0.079619,0.860349
2024-12-31,ITUB,-0.234330,0.149523,0.002906,0.011267,Itau Unibanco,stock,BRA,Financials,0.149523,0.154021,-0.386102,0.866941
2024-12-31,JNJ,-0.008355,0.136980,0.013107,0.010363,Johnson & Johnson,stock,USA,Healthcare,0.136980,0.130646,-0.142169,0.474510
2024-12-31,JPM,-0.221213,0.037994,0.003171,0.005357,JPMorgan,stock,USA,Financials,0.037994,0.050465,-0.265442,0.377775
2024-12-31,KO,0.002555,0.107759,0.014096,0.008529,Coca-Cola,stock,USA,Consumer Staples,0.107759,0.099085,-0.100867,0.158646
2024-12-31,MC.PA,0.033274,0.151324,0.017299,0.011403,LVMH,stock,FRA,Consumer Discretionary,0.151324,0.151324,-0.118050,0.030105
2024-12-31,MCHI,-0.335076,-0.088585,0.001484,0.002304,China broad,country_etf,CHN,Broad Market,-0.088585,-0.083795,-0.248886,0.321521
2024-12-31,MSFT,0.124368,0.255908,0.031752,0.022899,Microsoft,stock,USA,Technology,0.255908,0.257259,-0.132216,0.165068
2024-12-31,MU,-0.193791,0.164052,0.003807,0.012413,Micron,stock,USA,Technology,0.164052,0.129088,-0.340361,2.488463
2024-12-31,NVDA,-0.136514,0.196799,0.005578,0.015441,NVIDIA,stock,USA,Technology,0.196799,0.199775,-0.334801,0.396912
2024-12-31,OR.PA,0.161424,0.202796,0.040650,0.016071,L'Oreal,stock,FRA,Consumer Staples,0.202796,0.202769,-0.041359,0.092875
2024-12-31,PBR,-0.649313,-0.117752,0.000183,0.001897,Petrobras,stock,BRA,Energy,-0.117752,-0.122413,-0.529231,-0.009735
2024-12-31,PFE,-0.115281,0.080057,0.006426,0.007090,Pfizer,stock,USA,Healthcare,0.080057,0.080057,-0.195337,0.010108
2024-12-31,PG,-0.085945,0.035561,0.007814,0.005270,Procter & Gamble,stock,USA,Consumer Staples,0.035561,0.044501,-0.125976,-0.118069
2024-12-31,QCOM,-0.002430,0.176970,0.013635,0.013529,Qualcomm,stock,USA,Technology,0.176970,0.162015,-0.171922,0.155690
2024-12-31,QQQ,-0.027337,0.124698,0.011549,0.009548,USA tech,country_etf,USA,Broad Market,0.124698,0.130185,-0.154779,0.217791
2024-12-31,RELIANCE.NS,0.064202,0.211795,0.021261,0.017064,Reliance,stock,IND,Energy,0.211795,0.222463,-0.152927,0.271916
2024-12-31,RY,-0.106874,0.055233,0.006796,0.006009,Royal Bank of Canada,stock,CAN,Financials,0.055233,0.059910,-0.164446,0.461392
2024-12-31,SAP,0.087103,0.124353,0.024767,0.009526,SAP SE,stock,DEU,Technology,0.124353,0.197433,-0.073790,0.002402
2024-12-31,SHEL,-0.197851,0.031057,0.003706,0.005115,Shell,stock,GBR,Energy,0.031057,0.047824,-0.237291,0.227463
2024-12-31,SHELL.AS,-0.617727,-0.216841,0.000226,0.000980,Shell (NL),stock,NLD,Energy,-0.216841,-0.194457,-0.412078,0.090057
2024-12-31,SHOP,0.207793,0.556610,0.055375,0.169994,Shopify,stock,CAN,Technology,0.556610,0.387049,-0.264036,0.539923
2024-12-31,SLV,-0.338917,0.011080,0.001447,0.004477,Silver,commodity,,Precious Metals,0.011080,-0.018079,-0.335418,1.619825
2024-12-31,SPY,-0.020505,0.140893,0.012087,0.010637,USA broad market,country_etf,USA,Broad Market,0.140893,0.142489,-0.162196,0.185978
2024-12-31,TCS.NS,0.020937,0.169958,0.015934,0.012911,Tata Consultancy,stock,IND,Technology,0.169958,0.115329,-0.121706,-0.179511
2024-12-31,THD,-0.266954,-0.025458,0.002338,0.003509,Thailand,country_etf,THA,Broad Market,-0.025458,0.003737,-0.256094,0.027684
2024-12-31,TTE,-0.170759,0.065853,0.004439,0.006450,TotalEnergies,stock,FRA,Energy,0.065853,0.075198,-0.241284,0.265558
2024-12-31,TUR,-0.523016,-0.125432,0.000424,0.001802,Turkey,country_etf,TUR,Broad Market,-0.125432,-0.121598,-0.399501,-0.015370
2024-12-31,ULVR.L,-0.096384,0.023648,0.007288,0.004868,Unilever,stock,GBR,Consumer Staples,0.023648,0.028491,-0.122454,-0.001264
2024-12-31,UNG,-0.632290,-0.126590,0.000205,0.001788,Natural Gas,commodity,,Energy,-0.126590,-0.126590,-0.505700,-0.219512
2024-12-31,USO,-0.530395,-0.010704,0.000404,0.003872,WTI Oil,commodity,,Energy,-0.010704,-0.008446,-0.520820,-0.076903
2024-12-31,VALE,-0.378737,0.020786,0.001110,0.004776,Vale,stock,BRA,Materials,0.020786,0.020786,-0.399523,0.671711
2024-12-31,WMT,-0.041098,0.101411,0.010537,0.008175,Walmart,stock,USA,Consumer Staples,0.101411,0.097963,-0.140785,0.250596
2024-12-31,XOM,-0.183701,0.017106,0.004072,0.004660,ExxonMobil,stock,USA,Energy,0.017106,0.026046,-0.205278,0.166036
